DATE,NO2,TRANSITS,TEMPERATURE C,WIND km/h,RAIN
2020-01-02,94.0,82305.0,2.0,5,False
2020-01-03,85.0,87964.0,3.0,3,False
2020-01-07,74.0,127221.0,0.0,6,False
2020-01-08,79.0,135314.0,1.0,6,True
2020-01-09,78.0,140400.0,1.0,4,False
2020-01-10,120.0,146442.0,5.0,4,False
2020-01-13,129.0,140455.0,1.0,3,False
2020-01-14,118.0,146323.0,3.0,5,False
2020-01-15,128.0,142983.0,5.0,4,True
2020-01-16,73.0,148769.0,5.0,4,False
2020-01-17,118.0,147611.0,5.0,5,True
2020-01-20,76.0,139354.0,4.0,6,False
2020-01-21,108.0,145881.0,2.0,4,False
2020-01-22,129.0,148606.0,3.0,5,False
2020-01-23,109.0,152894.0,3.0,5,False
2020-01-24,115.0,151895.0,4.0,4,True
2020-01-27,78.0,143368.0,5.0,4,True
2020-01-28,137.0,143817.0,7.0,6,True
2020-01-29,71.0,148847.0,7.0,8,False
2020-01-30,102.0,154233.0,6.0,5,False
2020-01-31,110.0,152933.0,7.0,5,False
2020-02-03,61.0,137631.0,6.0,8,False
2020-02-04,119.0,147062.0,9.0,19,False
2020-02-05,56.0,149773.0,9.0,19,False
2020-02-06,87.0,153464.0,5.0,5,False
2020-02-07,102.0,153008.0,5.0,5,False
2020-02-10,107.0,138717.0,7.0,5,True
2020-02-11,85.0,149500.0,10.0,9,False
2020-02-12,89.0,154523.0,10.0,8,False
2020-02-13,101.0,159268.0,7.0,7,True
2020-02-14,89.0,160455.0,8.0,8,True
2020-02-17,85.0,141153.0,10.0,3,True
2020-02-18,80.0,155438.0,10.0,6,True
2020-02-19,83.0,164131.0,8.0,7,False
2020-02-20,89.0,168728.0,7.0,6,False
2020-02-24,71.0,126466.0,13.0,13,False
2020-02-25,72.0,121882.0,11.0,3,False
2020-02-26,88.0,120868.0,10.0,17,False
2020-02-27,61.0,118219.0,8.0,8,False
2020-02-28,81.0,115391.0,10.0,12,False
2020-03-02,40.0,115067.0,5.0,11,True
2020-03-03,66.0,125969.0,8.0,8,True
2020-03-04,76.0,125104.0,8.0,6,False
2020-03-05,100.0,124203.0,7.0,9,True
2020-03-06,75.0,119181.0,7.0,8,True
2020-03-09,73.0,95263.0,8.0,6,True
2020-03-10,78.0,81263.0,10.0,8,False
2020-03-11,80.0,72874.0,12.0,6,False
2020-03-12,83.0,58452.0,11.0,4,False
2020-03-13,78.0,55654.0,15.0,9,False
2020-03-16,53.0,49946.0,9.0,4,False
2020-03-17,61.0,47569.0,10.0,4,False
2020-03-18,71.0,46948.0,12.0,4,False
2020-03-19,106.0,44680.0,13.0,4,False
2020-03-20,102.0,46103.0,12.0,5,False
2020-03-23,29.0,38383.0,6.0,17,False
2020-03-24,37.0,36339.0,6.0,6,False
2020-03-25,63.0,35269.0,6.0,10,True
2020-03-26,44.0,32350.0,5.0,6,False
2020-03-27,39.0,33586.0,10.0,8,False
2020-03-30,52.0,32642.0,12.0,14,True
2020-03-31,52.0,32370.0,6.0,15,True
2020-04-01,27.0,32412.0,7.0,7,False
2020-04-02,56.0,31319.0,9.0,4,False
2020-04-03,66.0,33326.0,9.0,5,False
2020-04-06,58.0,33841.0,14.0,5,False
2020-04-07,81.0,33983.0,15.0,6,False
2020-04-08,81.0,47826.0,15.0,6,False
2020-04-09,88.0,44320.0,16.0,4,False
2020-04-10,85.0,45503.0,16.0,4,False
2020-04-14,36.0,48361.0,17.0,20,False
2020-04-15,28.0,41442.0,12.0,10,False
2020-04-16,31.0,36787.0,13.0,5,False
2020-04-17,62.0,37300.0,16.0,6,False
2020-04-20,21.0,38038.0,14.0,11,True
2020-04-21,29.0,39047.0,13.0,9,True
2020-04-22,35.0,38981.0,15.0,8,False
2020-04-23,52.0,38962.0,15.0,6,False
2020-04-24,55.0,41103.0,17.0,7,False
2020-04-27,11.0,41397.0,18.0,6,False
2020-04-28,26.0,43026.0,17.0,8,True
2020-04-29,52.0,44980.0,18.0,9,True
2020-04-30,31.0,49564.0,16.0,8,True
2020-05-04,15.0,70660.0,19.0,8,False
2020-05-05,53.0,73155.0,19.0,8,False
2020-05-06,43.0,76190.0,19.0,13,False
2020-05-07,35.0,75096.0,19.0,7,False
2020-05-08,55.0,77403.0,21.0,7,False
2020-05-11,15.0,80119.0,16.0,14,True
2020-05-12,46.0,86598.0,18.0,6,True
2020-05-13,36.0,83052.0,15.0,11,True
2020-05-14,51.0,88245.0,19.0,7,True
2020-05-15,33.0,88582.0,18.0,10,True
2020-05-18,25.0,101822.0,22.0,7,False
2020-05-19,42.0,105288.0,20.0,7,True
2020-05-20,56.0,109041.0,21.0,7,False
2020-05-21,46.0,110431.0,22.0,8,False
2020-05-22,57.0,114168.0,23.0,7,False
2020-05-25,30.0,105434.0,22.0,8,False
2020-05-26,63.0,114877.0,21.0,11,False
2020-05-27,37.0,117404.0,20.0,9,False
2020-05-28,47.0,120965.0,21.0,6,False
2020-05-29,62.0,124235.0,18.0,13,False
2020-06-03,29.0,118119.0,21.0,8,True
2020-06-04,57.0,123914.0,17.0,12,True
2020-06-05,51.0,127268.0,20.0,8,True
2020-06-08,17.0,128524.0,17.0,7,True
2020-06-09,47.0,128728.0,18.0,7,True
2020-06-10,45.0,131729.0,18.0,7,True
2020-06-11,44.0,134714.0,17.0,8,True
2020-06-12,62.0,131517.0,20.0,5,False
2020-06-15,30.0,116926.0,22.0,8,True
2020-06-16,41.0,119296.0,22.0,7,True
2020-06-17,40.0,120591.0,20.0,6,True
2020-06-18,60.0,123193.0,21.0,8,True
2020-06-19,42.0,115006.0,21.0,8,True
2020-06-22,33.0,113841.0,25.0,7,False
2020-06-23,63.0,116655.0,26.0,5,False
2020-06-24,68.0,121573.0,26.0,10,False
2020-06-25,59.0,121928.0,25.0,10,True
2020-06-26,51.0,112803.0,25.0,8,False
2020-06-29,21.0,116090.0,27.0,9,False
2020-06-30,40.0,121396.0,26.0,7,False
2020-07-01,41.0,121578.0,25.0,7,True
2020-07-02,49.0,120430.0,26.0,7,True
2020-07-03,41.0,107612.0,24.0,11,True
2020-07-06,54.0,111713.0,27.0,5,False
2020-07-07,50.0,116607.0,24.0,16,False
2020-07-08,36.0,119116.0,24.0,7,False
2020-07-09,50.0,118603.0,25.0,5,False
2020-07-10,60.0,107819.0,27.0,5,False
2020-07-13,16.0,110510.0,23.0,11,False
2020-07-14,45.0,118541.0,23.0,10,False
2020-07-15,47.0,120961.0,22.0,7,True
2020-07-16,60.0,120091.0,23.0,5,False
2020-07-17,53.0,107800.0,24.0,11,False
2020-07-20,36.0,107219.0,26.0,6,False
2020-07-21,41.0,116509.0,27.0,6,False
2020-07-22,44.0,121835.0,27.0,7,True
2020-07-23,50.0,117732.0,26.0,7,False
2020-07-24,44.0,103358.0,21.0,10,True
2020-07-27,26.0,106697.0,26.0,5,False
2020-07-28,50.0,117806.0,27.0,5,True
2020-07-29,65.0,119128.0,28.0,5,False
2020-07-30,44.0,118250.0,30.0,6,False
2020-07-31,54.0,105607.0,29.0,5,False
2020-08-03,16.0,82564.0,21.0,7,True
2020-08-04,52.0,90058.0,22.0,10,True
2020-08-05,58.0,86781.0,23.0,7,False
2020-08-06,55.0,82489.0,25.0,5,False
2020-08-07,51.0,74056.0,26.0,6,False
2020-08-24,21.0,62287.0,24.0,7,False
2020-08-25,37.0,69711.0,25.0,8,False
2020-08-26,31.0,72580.0,25.0,6,False
2020-08-27,46.0,75458.0,25.0,6,False
2020-08-28,51.0,74454.0,24.0,9,True
2020-08-31,18.0,98784.0,20.0,5,True
2020-09-01,36.0,120918.0,20.0,6,False
2020-09-02,43.0,126641.0,20.0,9,False
2020-09-03,54.0,130446.0,20.0,4,False
2020-09-04,76.0,126798.0,22.0,4,False
2020-09-07,36.0,128981.0,21.0,8,True
2020-09-08,51.0,142108.0,22.0,6,False
2020-09-09,75.0,145584.0,22.0,5,False
2020-09-10,81.0,146725.0,23.0,4,False
2020-09-11,74.0,140446.0,23.0,5,False
2020-09-14,56.0,136580.0,24.0,5,False
2020-09-15,89.0,147582.0,23.0,4,False
2020-09-16,78.0,151121.0,24.0,4,False
2020-09-17,84.0,154363.0,24.0,4,False
2020-09-18,74.0,149510.0,25.0,7,False
2020-09-21,52.0,139473.0,21.0,4,True
2020-09-22,65.0,149027.0,19.0,8,True
2020-09-23,59.0,156014.0,20.0,5,True
2020-09-24,61.0,157278.0,19.0,9,True
2020-09-25,69.0,152818.0,16.0,15,True
2020-09-28,36.0,139054.0,14.0,6,False
2020-09-29,76.0,150722.0,16.0,5,False
2020-09-30,70.0,151605.0,17.0,5,False
2020-10-01,67.0,153164.0,18.0,4,False
2020-10-02,72.0,145085.0,17.0,25,True
2020-10-05,31.0,136335.0,14.0,6,True
2020-10-06,58.0,146685.0,14.0,4,False
2020-10-07,61.0,152079.0,17.0,9,False
2020-10-08,62.0,151672.0,15.0,4,False
2020-10-09,90.0,149630.0,14.0,3,False
2020-10-12,24.0,132494.0,11.0,5,False
2020-10-13,73.0,142631.0,10.0,4,False
2020-10-14,95.0,142696.0,11.0,5,True
2020-10-15,81.0,141227.0,11.0,6,True
2020-10-16,65.0,141600.0,12.0,4,True
2020-10-19,78.0,127214.0,11.0,3,False
2020-10-20,77.0,133355.0,11.0,3,False
2020-10-21,68.0,132589.0,13.0,4,False
2020-10-22,71.0,130068.0,13.0,6,True
2020-10-23,51.0,127783.0,14.0,6,True
2020-10-26,53.0,107706.0,14.0,12,True
2020-10-27,55.0,115444.0,12.0,7,True
2020-10-28,77.0,117181.0,12.0,3,False
2020-10-29,87.0,116937.0,12.0,4,False
2020-10-30,76.0,114398.0,12.0,4,False
2020-11-02,47.0,104152.0,12.0,5,False
2020-11-03,52.0,109584.0,14.0,3,False
2020-11-04,48.0,117786.0,15.0,4,False
2020-11-05,47.0,124371.0,13.0,4,False
2020-11-06,68.0,92488.0,14.0,3,False
2020-11-09,72.0,94968.0,11.0,4,False
2020-11-10,88.0,97801.0,10.0,3,False
2020-11-11,80.0,99697.0,9.0,4,False
2020-11-12,70.0,102656.0,11.0,3,False
2020-11-13,69.0,98796.0,11.0,4,False
2020-11-16,41.0,97497.0,10.0,5,True
2020-11-17,59.0,100155.0,6.0,4,False
2020-11-18,92.0,104134.0,7.0,6,False
2020-11-19,60.0,105937.0,6.0,4,False
2020-11-20,75.0,100068.0,8.0,5,False
2020-11-23,63.0,102178.0,5.0,4,False
2020-11-24,95.0,107105.0,5.0,3,False
2020-11-25,108.0,110137.0,4.0,3,False
2020-11-26,135.0,111689.0,3.0,3,False
2020-11-27,129.0,112347.0,3.0,4,False
2020-11-30,71.0,117581.0,5.0,7,False
2020-12-01,66.0,121676.0,6.0,7,True
2020-12-02,62.0,122381.0,2.0,5,True
2020-12-03,67.0,129893.0,2.0,5,False
2020-12-04,72.0,129432.0,3.0,13,True
2020-12-09,59.0,136211.0,6.0,6,True
2020-12-10,72.0,140761.0,6.0,4,True
2020-12-11,76.0,138520.0,3.0,3,True
2020-12-14,84.0,134867.0,1.0,3,False
2020-12-15,115.0,139948.0,5.0,4,True
2020-12-16,123.0,144196.0,7.0,5,True
2020-12-17,58.0,147618.0,8.0,4,False
2020-12-18,77.0,148906.0,7.0,4,True
2020-12-21,48.0,130013.0,8.0,5,True
2020-12-22,49.0,139509.0,9.0,5,False
2020-12-23,54.0,134138.0,9.0,3,True
2020-12-24,65.0,70397.0,9.0,4,True
2020-12-28,51.0,64163.0,1.0,8,True
2020-12-29,58.0,87912.0,-1.0,4,True
2020-12-30,79.0,94358.0,2.0,5,False
2020-12-31,74.0,56571.0,-1.0,4,False
2021-01-04,60.0,96555.0,6.0,6,True
2021-01-05,66.0,78731.0,5.0,7,True
2021-01-07,48.0,116556.0,4.0,5,False
2021-01-08,70.0,123219.0,2.0,2,False
2021-01-11,79.0,117448.0,-1.0,4,False
2021-01-12,105.0,123944.0,0.0,6,False
2021-01-13,87.0,125267.0,4.0,10,False
2021-01-14,109.0,128843.0,4.1,11,False
2021-01-15,82.0,130330.0,4.0,4,False
2021-01-18,74.0,111148.0,-2.0,4,False
2021-01-20,117.0,115093.0,2.0,6,True
2021-01-21,70.0,119055.0,3.0,4,True
2021-01-22,79.0,119422.0,4.0,5,True
2021-01-25,76.0,123025.0,4.0,8,False
2021-01-26,96.0,130631.0,6.0,14,False
2021-01-27,88.0,132848.0,2.0,4,False
2021-01-28,100.0,134860.0,4.0,6,False
2021-01-29,83.0,131372.0,3.0,6,False
2021-02-03,68.0,134128.0,6.0,4,True
2021-02-04,71.0,137936.0,8.0,6,True
2021-02-05,57.0,132663.0,8.0,4,True
2021-02-08,43.0,133813.0,8.0,7,True
2021-02-09,79.0,134868.0,9.0,4,True
2021-02-10,72.0,137323.0,8.0,9,True
2021-02-11,68.0,142462.0,7.0,9,False
2021-02-12,69.0,138546.0,3.0,17,True
2021-02-15,64.0,123264.0,2.0,4,False
2021-02-16,91.0,132702.0,5.0,6,True
2021-02-17,98.0,132986.0,8.0,7,True
2021-02-18,93.0,128710.0,8.0,6,True
2021-02-19,64.0,119344.0,9.0,5,False
2021-02-22,45.0,129393.0,10.0,5,False
2021-02-23,81.0,139333.0,10.0,5,False
2021-02-24,105.0,131428.0,10.0,3,False
2021-02-25,112.0,132673.0,11.0,3,False
2021-02-26,130.0,130652.0,11.0,3,False
2021-03-01,52.0,117254.0,8.0,4,False
2021-03-02,95.0,122430.0,8.0,4,False
2021-03-03,101.0,125383.0,9.0,3,False
2021-03-04,114.0,128982.0,9.0,6,False
2021-03-05,88.0,114267.0,12.0,7,False
2021-03-08,64.0,110830.0,7.0,6,False
2021-03-09,67.0,113216.0,8.0,6,False
2021-03-10,81.0,114372.0,8.0,5,False
2021-03-11,81.0,115417.0,8.0,4,True
2021-03-12,87.0,116573.0,11.0,5,False
2021-03-15,59.0,96756.0,10.0,12,False
2021-03-16,70.0,100786.0,12.0,22,False
2021-03-17,52.0,103109.0,10.0,11,False
2021-03-18,82.0,104902.0,7.0,11,False
2021-03-19,51.0,104425.0,6.0,11,False
2021-03-22,35.0,100674.0,8.0,5,False
2021-03-23,85.0,105626.0,9.0,10,False
2021-03-24,61.0,107843.0,10.0,4,False
2021-03-25,83.0,110883.0,11.0,5,False
2021-03-26,73.0,122525.0,13.0,7,False
2021-03-31,100.0,112911.0,16.0,4,False
2021-04-06,25.0,102044.0,10.0,19,False
2021-04-07,62.0,113771.0,7.0,14,False
2021-04-12,28.0,121331.0,10.0,6,True
2021-04-13,61.0,130566.0,10.0,9,False
2021-04-14,70.0,133329.0,10.0,8,False
2021-04-15,66.0,132920.0,8.0,14,True
2021-04-16,52.0,133261.0,9.0,7,False
2021-04-19,33.0,123698.0,12.0,5,False
2021-04-20,62.0,131769.0,14.0,7,True
2021-04-21,75.0,134707.0,14.0,8,True
2021-04-22,55.0,135624.0,14.0,5,False
2021-04-23,65.0,134172.0,15.0,7,False
2021-04-26,36.0,125141.0,14.0,9,True
2021-04-27,52.0,136046.0,13.0,8,True
2021-04-28,45.0,142960.0,15.0,6,True
2021-04-29,50.0,136474.0,14.0,8,True
2021-04-30,55.0,141205.0,15.0,6,True
2021-05-03,26.0,129282.0,14.0,10,False
2021-05-04,40.0,140489.0,15.0,6,False
2021-05-05,70.0,145147.0,15.0,6,False
2021-05-06,51.0,145870.0,16.0,11,False
2021-05-07,56.0,143838.0,18.0,9,False
2021-05-10,33.0,130883.0,19.0,9,True
2021-05-11,57.0,134184.0,15.0,13,True
2021-05-12,56.0,148119.0,17.0,7,True
2021-05-13,39.0,147499.0,17.0,10,True
2021-05-17,27.0,127585.0,18.0,9,True
2021-05-18,56.0,140065.0,16.0,6,True
2021-05-19,63.0,142733.0,18.0,8,False
2021-05-20,55.0,143928.0,18.0,7,False
2021-05-21,69.0,145306.0,17.0,8,True
2021-05-24,21.0,129906.0,15.0,9,True
2021-05-25,39.0,145003.0,17.0,8,False
2021-05-27,38.0,149549.0,19.0,7,False
2021-05-28,46.0,145655.0,20.0,9,False
2021-05-31,18.0,122534.0,20.0,11,False
2021-06-01,43.0,148463.0,21.0,9,False
2021-06-03,23.0,137999.0,23.0,6,False
2021-06-09,52.0,147085.0,22.0,6,False
2021-06-10,58.0,148744.0,23.0,8,False
2021-06-11,54.0,138620.0,24.0,9,True
2021-06-14,32.0,134037.0,26.0,11,False
2021-06-15,45.0,145336.0,25.0,11,False
2021-06-16,42.0,147960.0,25.0,8,False
2021-06-17,52.0,149885.0,27.0,6,False
2021-06-18,51.0,137729.0,27.0,7,False
2021-06-21,35.0,133922.0,26.0,8,False
2021-06-22,47.0,142890.0,26.0,8,True
2021-06-23,35.0,145766.0,24.0,7,True
2021-06-24,30.0,145097.0,23.0,6,False
2021-06-25,56.0,132919.0,24.0,9,False
2021-06-28,50.0,130027.0,28.0,8,True
2021-06-29,75.0,140612.0,26.0,10,False
2021-06-30,47.0,144682.0,25.0,9,False
2021-07-01,33.0,138201.0,25.0,8,False
2021-07-02,38.0,122146.0,25.0,9,False
2021-07-05,24.0,124553.0,23.0,6,False
2021-07-06,34.0,132416.0,26.0,8,False
2021-07-07,62.0,139591.0,26.0,7,True
2021-07-08,36.0,134663.0,22.0,10,True
2021-07-09,52.0,121528.0,23.0,8,False
2021-07-12,35.0,135779.0,26.0,6,False
2021-07-13,48.0,128132.0,24.0,15,True
2021-07-14,31.0,134289.0,20.0,8,True
2021-07-15,46.0,135315.0,22.0,6,False
2021-07-16,47.0,123363.0,22.0,7,True
2021-07-19,50.0,121070.0,28.0,8,False
2021-07-20,61.0,131035.0,27.0,7,False
2021-07-21,52.0,137159.0,27.0,8,False
2021-07-23,35.0,121622.0,26.0,9,False
2021-07-26,20.0,116530.0,22.0,8,True
2021-07-27,49.0,128452.0,24.0,9,True
2021-07-28,42.0,133064.0,24.0,8,False
2021-07-29,40.0,130283.0,25.0,4,False
2021-07-30,45.0,118371.0,26.0,5,False
2021-08-02,26.0,93014.0,22.0,7,True
2021-08-03,34.0,98829.0,22.0,6,False
2021-08-04,38.0,93517.0,22.0,8,True
2021-08-05,45.0,90448.0,23.0,9,True
2021-08-06,25.0,81382.0,24.0,6,False
2021-08-09,23.0,54952.0,25.0,5,False
2021-08-10,24.0,54886.0,25.0,5,False
2021-08-11,46.0,52095.0,26.0,4,False
2021-08-12,40.0,50629.0,27.0,5,False
2021-08-23,25.0,61912.0,24.0,13,False
2021-08-24,34.0,69497.0,24.0,7,False
2021-08-25,46.0,71889.0,22.0,7,False
2021-08-26,36.0,73670.0,23.0,7,False
2021-08-27,41.0,76232.0,21.0,14,False
2021-08-30,40.0,101476.0,21.0,7,False
2021-09-01,41.0,124646.0,22.0,7,False
2021-09-02,60.0,129492.0,23.0,10,False
2021-09-03,60.0,131808.0,22.0,8,False
2021-09-06,39.0,145986.0,24.0,8,False
2021-09-07,66.0,159825.0,23.0,7,False
2021-09-08,70.0,162700.0,23.0,9,False
2021-09-09,65.0,164222.0,23.0,6,False
2021-09-10,64.0,157551.0,23.0,4,False
2021-09-13,83.0,143672.0,22.0,4,False
2021-09-14,79.0,155515.0,23.0,5,False
2021-09-15,63.0,158980.0,23.0,5,False
2021-09-16,63.0,158519.0,22.0,7,True
2021-09-17,65.0,162571.0,22.0,5,False
2021-09-20,26.0,148638.0,17.0,7,True
2021-09-21,61.0,160970.0,18.0,6,False
2021-09-22,55.0,166842.0,19.0,7,False
2021-09-23,58.0,169411.0,19.0,5,False
2021-09-24,90.0,168035.0,19.0,4,False
2021-09-27,52.0,146267.0,19.0,4,False
2021-09-28,60.0,154113.0,19.0,4,False
2021-09-29,86.0,154120.0,21.0,5,True
2021-09-30,61.0,156623.0,19.0,8,False
2021-10-01,54.0,155051.0,18.0,6,False
2021-10-04,32.0,135113.0,19.0,13,True
2021-10-05,61.0,147180.0,18.0,11,True
2021-10-06,42.0,155669.0,15.0,8,True
2021-10-07,60.0,160509.0,13.0,4,False
2021-10-08,61.0,158016.0,16.0,5,False
2021-10-11,46.0,150670.0,12.0,3,False
2021-10-12,87.0,153613.0,12.0,5,False
2021-10-13,70.0,155014.0,13.0,7,False
2021-10-14,70.0,159815.0,11.0,6,False
2021-10-15,72.0,156594.0,11.0,4,False
2021-10-18,99.0,142368.0,11.0,3,True
2021-10-19,102.0,151747.0,13.0,3,False
2021-10-20,104.0,153457.0,13.0,3,True
2021-10-21,84.0,155422.0,14.0,4,True
2021-10-22,78.0,147203.0,13.0,3,False
2021-10-25,67.0,143294.0,11.0,4,False
2021-10-26,76.0,152155.0,9.0,4,False
2021-10-27,91.0,154630.0,11.0,4,False
2021-10-28,94.0,155829.0,10.0,3,False
2021-10-29,102.0,150400.0,11.0,4,False
2021-11-02,49.0,139213.0,9.0,7,False
2021-11-03,58.0,145206.0,11.0,8,True
2021-11-04,62.0,155899.0,10.0,7,True
2021-11-05,78.0,157695.0,8.0,4,False
2021-11-08,67.0,139065.0,8.0,6,False
2021-11-09,63.0,151011.0,9.0,4,False
2021-11-10,67.0,154979.0,12.0,5,False
2021-11-11,63.0,158951.0,12.0,5,True
2021-11-12,62.0,157440.0,10.0,4,False
2021-11-15,57.0,135311.0,11.0,6,True
2021-11-16,69.0,150435.0,10.0,5,True
2021-11-17,73.0,151588.0,10.0,5,True
2021-11-18,56.0,156602.0,10.0,5,False
2021-11-19,48.0,157471.0,10.0,8,False
2021-11-22,48.0,136983.0,8.0,5,True
2021-11-23,55.0,149759.0,10.0,7,True
2021-11-24,64.0,142635.0,7.0,4,False
2021-11-25,65.0,153112.0,6.0,7,True
2021-11-26,56.0,160272.0,7.0,8,False
2021-11-29,73.0,142548.0,6.0,10,False
2021-11-30,70.0,152242.0,7.0,11,False
2021-12-01,78.0,155682.0,5.0,7,True
2021-12-09,61.0,142380.0,2.0,6,False
2021-12-15,97.0,161707.0,2.0,4,False
2021-12-27,62.0,81634.0,5.0,4,True
2021-12-28,68.0,82426.0,6.0,5,False
2021-12-29,59.0,83995.0,5.0,7,False
2021-12-30,43.0,79494.0,4.0,4,False
2021-12-31,54.0,64385.0,3.0,4,False
2022-01-03,71.0,68379.0,4.0,6,False
2022-01-04,58.0,70901.0,7.0,3,True
2022-01-05,52.0,77642.0,7.0,6,True
2022-01-10,62.0,108094.0,-2.0,5,False
2022-01-11,89.0,116859.0,0.0,4,False
2022-01-12,109.0,118280.0,1.0,4,False
2022-01-13,109.0,121817.0,1.0,3,False
2022-01-14,133.0,131921.0,2.0,5,False
2022-01-17,89.0,115890.0,6.0,11,False
2022-01-18,71.0,123493.0,4.0,5,False
2022-01-19,85.0,125228.0,4.0,4,True
2022-01-20,96.0,124720.0,4.0,5,True
2022-01-21,74.0,125558.0,1.0,6,False
2022-01-24,68.0,113754.0,-1.0,5,False
2022-01-25,77.0,123522.0,2.0,8,False
2022-01-26,58.0,123750.0,2.0,5,False
2022-01-27,65.0,127147.0,1.0,5,True
2022-01-28,79.0,130569.0,5.0,11,False
2022-01-31,78.0,121779.0,6.0,10,False
2022-02-01,63.0,128941.0,11.0,18,False
2022-02-02,53.0,132740.0,12.0,15,False
2022-02-03,70.0,136717.0,8.0,9,False
2022-02-04,70.0,134738.0,8.0,5,True
2022-02-07,56.0,125635.0,9.0,21,False
2022-02-08,61.0,133018.0,5.0,4,False
2022-02-09,111.0,136732.0,7.0,6,False
2022-02-10,94.0,138594.0,8.0,4,True
2022-02-11,93.0,141497.0,10.0,9,True
2022-02-14,78.0,131162.0,4.0,5,True
2022-02-15,73.0,134660.0,3.0,7,True
2022-02-16,57.0,141764.0,4.0,5,False
2022-02-17,73.0,143801.0,8.0,7,False
2022-02-18,87.0,142112.0,7.0,7,False
2022-02-21,83.0,130184.0,11.0,13,False
2022-02-22,68.0,142229.0,12.0,14,False
2022-02-23,68.0,150761.0,9.0,6,False
2022-02-24,79.0,155154.0,8.0,4,False
2022-02-25,79.0,169045.0,9.0,13,False
2022-02-28,83.0,127576.0,5.0,8,False
2022-03-01,104.0,135764.0,6.0,9,False
2022-03-02,69.0,135965.0,6.0,6,False
2022-03-03,84.0,131599.0,9.0,5,False
2022-03-04,77.0,126764.0,8.0,9,False
2022-03-07,42.0,129456.0,5.0,5,False
2022-03-08,76.0,150616.0,5.0,9,False
2022-03-09,79.0,142552.0,5.0,5,False
2022-03-10,95.0,145213.0,7.0,4,False
2022-03-11,106.0,143792.0,8.0,13,False
2022-03-14,38.0,131118.0,9.0,6,False
2022-03-15,66.0,138617.0,11.0,5,False
2022-03-16,67.0,140284.0,12.0,9,False
2022-03-17,59.0,142842.0,11.0,9,False
2022-03-18,47.0,144288.0,11.0,10,False
2022-03-21,54.0,129926.0,9.0,6,False
2022-03-22,78.0,138567.0,8.0,6,False
2022-03-23,91.0,143340.0,10.0,4,False
2022-03-24,99.0,146386.0,11.0,4,False
2022-03-25,104.0,145948.0,12.0,5,False
2022-03-28,103.0,129969.0,13.0,4,False
2022-03-29,114.0,141896.0,12.0,7,False
2022-03-30,62.0,138168.0,11.0,10,True
2022-03-31,46.0,144363.0,12.0,7,True
2022-04-01,46.0,143556.0,11.0,10,True
2022-04-04,47.0,130829.0,9.0,6,False
2022-04-05,96.0,143437.0,10.0,4,False
2022-04-06,111.0,147751.0,11.0,7,False
2022-04-07,69.0,152898.0,14.0,10,False
2022-04-11,50.0,137889.0,12.0,5,False
2022-04-12,92.0,150216.0,13.0,6,False
2022-04-13,98.0,150234.0,15.0,8,False
2022-04-14,83.0,134918.0,16.0,6,False
2022-04-15,107.0,109484.0,17.0,6,False
2022-04-19,34.0,112529.0,15.0,8,False
2022-04-20,79.0,133940.0,14.0,14,False
2022-04-21,56.0,139975.0,13.0,12,True
2022-04-22,60.0,138666.0,12.0,9,True
2022-04-26,33.0,136279.0,14.0,7,True
2022-04-27,78.0,145362.0,16.0,6,False
2022-04-28,72.0,153137.0,17.0,11,False
2022-04-29,64.0,154456.0,18.0,9,False
2022-05-02,48.0,142043.0,17.0,8,False
2022-05-03,85.0,155656.0,18.0,9,True
2022-05-04,64.0,155881.0,17.0,7,True
2022-05-05,70.0,158877.0,15.0,8,True
2022-05-06,62.0,152772.0,14.0,7,True
2022-05-09,47.0,141807.0,19.0,5,True
2022-05-10,118.0,154585.0,21.0,5,False
2022-05-11,88.0,154756.0,23.0,7,False
2022-05-12,68.0,157784.0,22.0,11,False
2022-05-13,42.0,155479.0,22.0,10,False
2022-05-16,39.0,141558.0,24.0,8,False
2022-05-17,57.0,153617.0,24.0,6,False
2022-05-18,57.0,156581.0,24.0,14,False
2022-05-19,64.0,161027.0,24.0,11,False
2022-05-20,54.0,161280.0,24.0,7,False
2022-05-23,29.0,150164.0,24.0,9,True
2022-05-24,41.0,155342.0,22.0,9,True
2022-05-25,62.0,159004.0,22.0,6,True
2022-05-26,49.0,165584.0,24.0,8,False
2022-05-27,56.0,158323.0,25.0,5,False
2022-05-30,21.0,142792.0,18.0,10,False
2022-05-31,39.0,153731.0,20.0,6,False
2022-06-01,50.0,146682.0,23.0,5,False
2022-06-06,66.0,153191.0,24.0,6,False
2022-06-13,48.0,139449.0,28.0,7,False
2022-06-14,62.0,147593.0,27.0,12,False
2022-06-15,50.0,158508.0,27.0,8,False
2022-06-16,50.0,164847.0,28.0,7,False
2022-06-17,51.0,153371.0,29.0,8,False
2022-06-20,26.0,135722.0,28.0,7,False
2022-06-21,44.0,147706.0,28.0,10,False
2022-06-22,33.0,155944.0,25.0,7,True
2022-06-23,55.0,147902.0,25.0,7,True
2022-06-24,49.0,132252.0,25.0,9,True
2022-06-27,32.0,122456.0,28.0,9,False
2022-06-28,42.0,140698.0,26.0,10,True
2022-06-29,58.0,156894.0,26.0,9,False
2022-06-30,28.0,155828.0,27.0,7,False
2022-07-01,29.0,137082.0,28.0,8,False
2022-07-04,40.0,125315.0,28.0,10,True
2022-07-05,59.0,121658.0,28.0,9,True
2022-07-06,41.0,136878.0,28.0,11,False
2022-07-07,31.0,147024.0,28.0,13,False
2022-07-08,37.0,128406.0,26.0,10,False
2022-07-12,46.0,124473.0,27.0,12,False
2022-07-13,32.0,135232.0,27.0,10,False
2022-07-14,31.0,138020.0,28.0,6,False
2022-07-15,50.0,125830.0,29.0,9,False
2022-07-18,25.0,120697.0,29.0,11,False
2022-07-19,34.0,135960.0,30.0,9,False
2022-07-21,56.0,143536.0,31.0,8,False
2022-07-22,60.0,125147.0,30.0,6,False
2022-07-25,31.0,118399.0,30.0,7,True
2022-07-26,48.0,128881.0,28.0,10,True
2022-07-27,44.0,136652.0,26.0,9,True
2022-07-28,40.0,136368.0,27.0,13,True
2022-07-29,44.0,119105.0,24.0,6,True
2022-08-01,45.0,96043.0,28.0,6,False
2022-08-02,53.0,102021.0,27.0,11,False
2022-08-03,35.0,98936.0,28.0,6,False
2022-08-04,53.0,94215.0,29.0,6,False
2022-08-05,57.0,84968.0,29.0,6,False
2022-08-08,12.0,61642.0,25.0,6,True
2022-08-09,44.0,60820.0,28.0,9,False
2022-08-10,28.0,60137.0,27.0,11,False
2022-08-11,27.0,57887.0,27.0,11,False
2022-08-12,25.0,55654.0,26.0,16,True
2022-08-22,44.0,57278.0,26.0,6,False
2022-08-23,42.0,61495.0,26.0,8,False
2022-08-24,46.0,63765.0,26.0,9,False
2022-08-25,41.0,66799.0,26.0,5,False
2022-08-26,61.0,69456.0,26.0,7,False
2022-08-29,17.0,92013.0,26.0,6,True
2022-08-30,62.0,103548.0,26.0,8,True
2022-08-31,33.0,108191.0,23.0,8,True
2022-09-01,35.0,121592.0,24.0,11,False
2022-09-02,36.0,121667.0,23.0,10,False
2022-09-05,35.0,131296.0,25.0,6,False
2022-09-06,69.0,142033.0,25.0,6,True
2022-09-07,49.0,146126.0,24.0,8,False
2022-09-08,49.0,147996.0,25.0,9,True
2022-09-09,40.0,142798.0,23.0,9,True
2022-09-12,57.0,139943.0,22.0,5,False
2022-09-13,68.0,151412.0,24.0,5,False
2022-09-14,56.0,154186.0,24.0,6,False
2022-09-15,56.0,156556.0,24.0,6,False
2022-09-16,38.0,161865.0,25.0,7,False
2022-09-19,26.0,142135.0,20.0,8,False
2022-09-20,54.0,154143.0,18.0,8,False
2022-09-21,50.0,159565.0,17.0,14,False
2022-09-22,40.0,162849.0,16.0,7,False
2022-09-23,57.0,162720.0,18.0,6,False
2022-09-26,33.0,140006.0,17.0,5,True
2022-09-27,50.0,148442.0,18.0,6,True
2022-09-28,54.0,152117.0,16.0,10,True
2022-09-29,56.0,151308.0,16.0,7,True
2022-09-30,44.0,145682.0,15.0,9,True
2022-10-03,30.0,133779.0,18.0,6,False
2022-10-04,65.0,146244.0,18.0,5,False
2022-10-05,62.0,147327.0,18.0,4,False
2022-10-06,79.0,152264.0,18.0,4,False
2022-10-07,83.0,148947.0,18.0,4,False
2022-10-10,41.0,133040.0,17.0,6,True
2022-10-11,56.0,155568.0,16.0,4,False
2022-10-12,75.0,147124.0,16.0,3,False
2022-10-13,82.0,150372.0,16.0,4,False
2022-10-14,84.0,147770.0,15.0,3,False
2022-10-17,82.0,133174.0,17.0,4,False
2022-10-18,78.0,143072.0,17.0,4,False
2022-10-19,83.0,146472.0,17.0,3,False
2022-10-20,104.0,148444.0,17.0,5,False
2022-10-24,42.0,132395.0,19.0,10,False
2022-10-25,41.0,143757.0,19.0,5,False
2022-10-26,60.0,147390.0,19.0,4,False
2022-10-27,65.0,148312.0,17.0,3,False
2022-10-28,74.0,140718.0,16.0,3,False
2022-11-02,63.0,132063.0,14.0,4,False
2022-11-03,44.0,140001.0,15.0,7,True
2022-11-04,39.0,143881.0,13.0,12,True
2022-11-07,61.0,134749.0,9.0,3,False
2022-11-08,77.0,144345.0,12.0,4,True
2022-11-09,74.0,143382.0,12.0,3,True
2022-11-10,57.0,149336.0,12.0,5,True
2022-11-11,59.0,153261.0,11.0,4,False
2022-11-14,61.0,132167.0,10.0,6,True
2022-11-15,53.0,137676.0,8.0,4,True
2022-11-16,48.0,142687.0,10.0,6,True
2022-11-17,43.0,147046.0,9.0,3,False
2022-11-18,56.0,148205.0,12.0,9,False
2022-11-21,60.0,132809.0,7.0,7,True
2022-11-22,78.0,137603.0,8.0,9,True
2022-11-23,51.0,143973.0,5.0,4,False
2022-11-24,82.0,148414.0,7.0,6,False
2022-11-25,86.0,149722.0,7.0,5,False
2022-11-28,74.0,132453.0,6.0,4,False
2022-11-29,56.0,140948.0,6.0,3,True
2022-11-30,54.0,143695.0,3.0,4,False
2022-12-01,63.0,149449.0,2.0,4,True
2022-12-02,66.0,155414.0,6.0,6,False
2022-12-05,41.0,131870.0,8.0,8,True
2022-12-06,47.0,139386.0,3.0,3,False
2022-12-12,52.0,141906.0,2.0,5,False
2022-12-13,56.0,147839.0,1.0,5,False
2022-12-14,49.0,155831.0,3.0,4,False
2022-12-15,55.0,155613.0,2.0,6,True
2022-12-16,70.0,160524.0,3.0,7,True
2022-12-19,43.0,146456.0,5.0,5,False
2022-12-20,42.0,155581.0,5.0,7,True
2022-12-21,49.0,154048.0,6.0,5,True
2022-12-22,63.0,151446.0,8.0,6,False
2022-12-23,54.0,134311.0,8.0,5,False
2023-01-02,38.0,62177.0,9.0,3,True
2023-01-03,43.0,70708.0,10.0,3,True
2023-01-04,38.0,77750.0,10.0,5,False
2023-01-05,41.0,86921.0,9.0,8,False
2023-01-09,40.0,114996.0,8.0,11,True
2023-01-10,58.0,125831.0,10.0,13,False
2023-01-11,97.0,130159.0,5.0,4,False
2023-01-12,95.0,135043.0,5.0,3,False
2023-01-13,117.0,136754.0,5.0,5,False
2023-01-16,64.0,119740.0,4.0,7,True
2023-01-17,79.0,123576.0,3.0,6,True
2023-01-18,58.0,129881.0,3.0,7,False
2023-01-19,65.0,129239.0,3.0,7,True
2023-01-20,70.0,130150.0,2.0,5,False
2023-01-23,73.0,119079.0,3.0,6,True
2023-01-24,83.0,129828.0,7.0,5,False
2023-01-25,72.0,130304.0,6.0,4,True
2023-01-26,73.0,136375.0,4.0,5,False
2023-01-27,70.0,141019.0,4.0,6,False
2023-01-30,71.0,121988.0,4.0,8,False
2023-01-31,76.0,130165.0,4.0,7,False
2023-02-01,88.0,131917.0,7.0,8,False
2023-02-02,86.0,136084.0,10.0,12,False
2023-02-03,88.0,135805.0,8.0,10,False
2023-02-06,32.0,121850.0,5.0,12,False
2023-02-07,50.0,131020.0,3.0,9,False
2023-02-08,69.0,132398.0,2.0,9,False
2023-02-09,89.0,138029.0,2.0,7,False
2023-02-10,66.0,132105.0,1.0,4,False
2023-02-13,101.0,122964.0,6.0,4,False
2023-02-14,103.0,137449.0,6.0,5,False
2023-02-15,126.0,137468.0,7.0,3,False
2023-02-16,151.0,137015.0,8.0,7,False
2023-02-17,121.0,150328.0,9.0,7,False
2023-02-20,67.0,122071.0,8.0,4,False
2023-02-21,61.0,135469.0,8.0,5,True
2023-02-22,72.0,138425.0,10.0,5,False
2023-02-23,68.0,141397.0,11.0,5,False
2023-02-24,61.0,131968.0,11.0,4,True
2023-02-27,60.0,122406.0,4.0,9,True
2023-02-28,55.0,134928.0,5.0,6,False
2023-03-01,61.0,136345.0,5.0,6,True
2023-03-02,66.0,136614.0,7.0,6,True
2023-03-03,63.0,135765.0,9.0,4,False
2023-03-06,76.0,127354.0,10.0,5,False
2023-03-07,56.0,137323.0,10.0,5,False
2023-03-08,78.0,149879.0,10.0,5,False
2023-03-09,74.0,142862.0,13.0,6,True
2023-03-10,84.0,140316.0,10.0,8,False
2023-03-13,42.0,129259.0,11.0,7,True
2023-03-14,62.0,137665.0,12.0,12,True
2023-03-15,51.0,141771.0,12.0,19,False
2023-03-16,43.0,144651.0,10.0,8,False
2023-03-17,68.0,142370.0,9.0,6,False
2023-03-20,79.0,133026.0,11.0,5,False
2023-03-21,62.0,149040.0,13.0,5,False
2023-03-22,88.0,145375.0,14.0,4,False
2023-03-23,107.0,147970.0,15.0,10,False
2023-03-24,46.0,144425.0,15.0,12,False
2023-03-27,64.0,131667.0,13.0,20,False
2023-03-28,74.0,142464.0,12.0,11,False
2023-03-29,67.0,146299.0,12.0,9,False
2023-03-30,59.0,149863.0,14.0,7,False
2023-03-31,63.0,158833.0,13.0,7,False
2023-04-03,43.0,133641.0,12.0,12,False
2023-04-04,71.0,145999.0,9.0,12,False
2023-04-05,44.0,147669.0,9.0,11,False
2023-04-06,61.0,131153.0,9.0,7,False
2023-04-07,71.0,105127.0,10.0,6,False
2023-04-11,34.0,114328.0,15.0,8,False
2023-04-12,74.0,137189.0,13.0,9,True
2023-04-13,47.0,142482.0,10.0,11,True
2023-04-14,41.0,148730.0,13.0,8,False
2023-04-17,37.0,149371.0,14.0,8,False
2023-04-18,72.0,162020.0,16.0,7,False
2023-04-19,63.0,167018.0,17.0,8,False
2023-04-20,66.0,152445.0,12.0,15,True
2023-04-21,38.0,155379.0,13.0,7,True
2023-04-26,24.0,135005.0,14.0,6,False
2023-04-27,56.0,145719.0,16.0,7,False
2023-04-28,55.0,141389.0,17.0,7,False
2023-05-02,23.0,137865.0,16.0,9,True
2023-05-03,47.0,145786.0,16.0,6,False
2023-05-04,32.0,154859.0,19.0,7,False
2023-05-05,51.0,152544.0,20.0,5,False
2023-05-08,32.0,138152.0,19.0,10,True
2023-05-09,52.0,151749.0,19.0,14,True
2023-05-10,34.0,146439.0,14.0,12,True
2023-05-11,40.0,154534.0,15.0,8,True
2023-05-12,34.0,149365.0,14.0,8,True
2023-05-15,24.0,136568.0,16.0,7,False
2023-05-16,51.0,148742.0,16.0,7,True
2023-05-17,49.0,149980.0,16.0,6,True
2023-05-18,49.0,153481.0,17.0,7,True
2023-05-19,52.0,146773.0,15.0,10,True
2023-05-22,45.0,137620.0,22.0,5,True
2023-05-23,50.0,148044.0,22.0,4,False
2023-05-24,70.0,147878.0,20.0,8,True
2023-05-25,54.0,153115.0,20.0,10,True
2023-05-26,42.0,153529.0,23.0,5,False
2023-05-29,27.0,140443.0,22.0,7,True
2023-05-30,44.0,150410.0,23.0,9,True
2023-05-31,53.0,148990.0,22.0,9,True
2023-06-01,42.0,137525.0,22.0,5,False
2023-06-05,22.0,134609.0,19.0,7,True
2023-06-06,44.0,149494.0,22.0,6,False
2023-06-07,37.0,149237.0,21.0,9,True
2023-06-08,51.0,156551.0,23.0,6,False
2023-06-09,44.0,146577.0,22.0,6,False
2023-06-12,27.0,131839.0,23.0,8,True
2023-06-13,32.0,141802.0,21.0,11,False
2023-06-14,38.0,138807.0,21.0,8,True
2023-06-15,54.0,149284.0,23.0,7,True
2023-06-16,35.0,141231.0,24.0,8,False
2023-06-19,34.0,134849.0,25.0,7,False
2023-06-20,30.0,147309.0,26.0,7,False
2023-06-21,64.0,149075.0,27.0,8,False
2023-06-22,48.0,148229.0,27.0,6,False
2023-06-23,64.0,130392.0,28.0,12,False
2023-06-26,33.0,131114.0,27.0,6,False
2023-06-27,56.0,147785.0,28.0,6,False
2023-06-28,43.0,148511.0,25.0,14,False
2023-06-29,29.0,148246.0,25.0,10,False
2023-06-30,38.0,126030.0,20.0,8,True
2023-07-03,46.0,124389.0,26.0,7,True
2023-07-04,32.0,136709.0,25.0,10,True
2023-07-05,33.0,138966.0,24.0,7,True
2023-07-06,49.0,137483.0,22.0,11,True
2023-07-07,38.0,129870.0,24.0,6,False
2023-07-10,33.0,123614.0,29.0,5,False
2023-07-11,52.0,137268.0,30.0,5,False
2023-07-12,58.0,140495.0,28.0,9,False
2023-07-13,44.0,139668.0,25.0,7,True
2023-07-14,37.0,123314.0,24.0,10,True
2023-07-17,28.0,123149.0,29.0,7,False
2023-07-18,22.0,137421.0,28.0,6,False
2023-07-19,30.0,137029.0,30.0,7,False
2023-07-20,25.0,135286.0,27.0,8,True
2023-07-21,40.0,117295.0,25.0,11,True
2023-07-24,26.0,115539.0,24.0,10,True
2023-07-25,34.0,133474.0,23.0,6,True
2023-07-26,42.0,135525.0,25.0,13,False
2023-07-27,52.0,134452.0,22.0,8,False
2023-07-28,41.0,116338.0,24.0,5,False
2023-07-31,38.0,103581.0,27.0,8,False
2023-08-01,38.0,105498.0,26.0,7,False
2023-08-02,40.0,103831.0,25.0,10,True
2023-08-03,28.0,99162.0,27.0,7,False
2023-08-04,28.0,83309.0,23.0,10,False
2023-08-07,32.0,62939.0,23.0,17,False
2023-08-08,35.0,63501.0,22.0,6,False
2023-08-09,39.0,61992.0,23.0,4,False
2023-08-10,42.0,58077.0,24.0,7,False
2023-08-11,34.0,55280.0,26.0,8,False
2023-08-21,19.0,53117.0,30.0,4,False
2023-08-22,39.0,57286.0,30.0,5,False
2023-08-23,41.0,58934.0,31.0,6,False
2023-08-24,60.0,60894.0,30.0,6,False
2023-08-25,45.0,63508.0,30.0,6,False
2023-08-28,25.0,81155.0,20.0,14,True
2023-08-29,34.0,97921.0,19.0,6,True
2023-08-31,43.0,106940.0,21.0,6,False
2023-09-01,39.0,111291.0,23.0,6,False
2023-09-04,60.0,124126.0,25.0,8,False
2023-09-05,55.0,135900.0,23.0,11,False
2023-09-06,42.0,137494.0,21.0,4,False
2023-09-07,49.0,140802.0,23.0,5,False
2023-09-08,60.0,135433.0,24.0,5,False
2023-09-11,61.0,134255.0,24.0,4,False
2023-09-12,61.0,146834.0,24.0,5,False
2023-09-13,68.0,148115.0,22.0,7,True
2023-09-14,58.0,152880.0,22.0,6,False
2023-09-15,45.0,145369.0,21.0,7,True
2023-09-18,24.0,147268.0,22.0,10,True
2023-09-19,37.0,156198.0,22.0,4,False
2023-09-20,58.0,160785.0,21.0,7,True
2023-09-21,54.0,161050.0,20.0,9,True
2023-09-22,40.0,155633.0,21.0,17,True
2023-09-25,72.0,140081.0,18.0,5,False
2023-09-26,57.0,148017.0,19.0,4,False
2023-09-27,66.0,151052.0,21.0,5,False
2023-09-28,73.0,153086.0,21.0,5,False
2023-09-29,85.0,148623.0,20.0,3,False
2023-10-02,80.0,137307.0,20.0,3,False
2023-10-03,97.0,147392.0,21.0,4,False
2023-10-04,67.0,150466.0,21.0,7,False
2023-10-05,40.0,155105.0,21.0,5,False
2023-10-06,49.0,150811.0,20.0,4,False
2023-10-09,57.0,146015.0,21.0,7,False
2023-10-10,44.0,146267.0,22.0,5,False
2023-10-11,55.0,151311.0,20.0,3,False
2023-10-12,65.0,154065.0,21.0,5,False
2023-10-13,54.0,149084.0,21.0,5,False
2023-10-16,38.0,138836.0,15.0,10,False
2023-10-17,37.0,146985.0,12.0,4,False
2023-10-18,54.0,146036.0,13.0,6,True
2023-10-19,46.0,145590.0,13.0,4,True
2023-10-20,36.0,147335.0,16.0,11,True
2023-10-23,54.0,134909.0,15.0,5,True
2023-10-24,53.0,137874.0,15.0,4,True
2023-10-25,42.0,146540.0,14.0,5,False
2023-10-26,46.0,150755.0,14.0,6,True
2023-10-27,41.0,146964.0,16.0,9,True
2023-10-30,25.0,120605.0,15.0,7,True
2023-10-31,39.0,138510.0,14.0,13,True
2023-11-02,46.0,116332.0,12.0,13,True
2023-11-03,33.0,125744.0,12.0,10,True
2023-11-06,48.0,132746.0,11.0,6,False
2023-11-07,64.0,145461.0,11.0,4,False
2023-11-08,57.0,148247.0,8.3,4,False
2023-11-09,64.0,144609.0,8.0,5,True
2023-11-10,58.0,158396.0,9.0,6,False
2023-11-13,49.0,132549.0,9.0,5,False
2023-11-14,71.0,140546.0,11.0,5,True
2023-11-15,55.0,145014.0,12.0,10,False
2023-11-16,64.0,150028.0,10.0,4,False
2023-11-17,59.0,144304.0,11.0,12,False
2023-11-20,73.0,132995.0,8.0,5,False
2023-11-21,62.0,143971.0,10.0,5,False
2023-11-22,61.0,145428.0,8.0,4,False
2023-11-23,75.0,150021.0,7.0,4,False
2023-11-24,66.0,151301.0,7.0,5,False
2023-11-27,66.0,134512.0,4.0,4,True
2023-11-29,64.0,144304.0,6.0,7,False
2023-11-30,95.0,142785.0,4.0,5,True
