data_giorno;numero_transiti_giornalieri
2023-11-30 00:00:00+01:00;142785
2023-11-29 00:00:00+01:00;144304
2023-11-28 00:00:00+01:00;145418
2023-11-27 00:00:00+01:00;134512
2023-11-26 00:00:00+01:00;107518
2023-11-25 00:00:00+01:00;136260
2023-11-24 00:00:00+01:00;151301
2023-11-23 00:00:00+01:00;150021
2023-11-22 00:00:00+01:00;145428
2023-11-21 00:00:00+01:00;143971
2023-11-20 00:00:00+01:00;132995
2023-11-19 00:00:00+01:00;107920
2023-11-18 00:00:00+01:00;132845
2023-11-17 00:00:00+01:00;144304
2023-11-16 00:00:00+01:00;150028
2023-11-15 00:00:00+01:00;145014
2023-11-14 00:00:00+01:00;140546
2023-11-13 00:00:00+01:00;132549
2023-11-12 00:00:00+01:00;104777
2023-11-11 00:00:00+01:00;133407
2023-11-10 00:00:00+01:00;158396
2023-11-09 00:00:00+01:00;144609
2023-11-08 00:00:00+01:00;148247
2023-11-07 00:00:00+01:00;145461
2023-11-06 00:00:00+01:00;132746
2023-11-05 00:00:00+01:00;103664
2023-11-04 00:00:00+01:00;121588
2023-11-03 00:00:00+01:00;125744
2023-11-02 00:00:00+01:00;116332
2023-11-01 00:00:00+01:00;95012
2023-10-31 00:00:00+01:00;138510
2023-10-30 00:00:00+01:00;120605
2023-10-29 00:00:00+02:00;99649
2023-10-28 00:00:00+02:00;127616
2023-10-27 00:00:00+02:00;146964
2023-10-26 00:00:00+02:00;150755
2023-10-25 00:00:00+02:00;146540
2023-10-24 00:00:00+02:00;137874
2023-10-23 00:00:00+02:00;134909
2023-10-22 00:00:00+02:00;107219
2023-10-21 00:00:00+02:00;133387
2023-10-20 00:00:00+02:00;147335
2023-10-19 00:00:00+02:00;145590
2023-10-18 00:00:00+02:00;146036
2023-10-17 00:00:00+02:00;146985
2023-10-16 00:00:00+02:00;138836
2023-10-15 00:00:00+02:00;108515
2023-10-14 00:00:00+02:00;132366
2023-10-13 00:00:00+02:00;149084
2023-10-12 00:00:00+02:00;154065
2023-10-11 00:00:00+02:00;151311
2023-10-10 00:00:00+02:00;146267
2023-10-09 00:00:00+02:00;146015
2023-10-08 00:00:00+02:00;106796
2023-10-07 00:00:00+02:00;130928
2023-10-06 00:00:00+02:00;150811
2023-10-05 00:00:00+02:00;155105
2023-10-04 00:00:00+02:00;150466
2023-10-03 00:00:00+02:00;147392
2023-10-02 00:00:00+02:00;137307
2023-10-01 00:00:00+02:00;104678
2023-09-30 00:00:00+02:00;127861
2023-09-29 00:00:00+02:00;148623
2023-09-28 00:00:00+02:00;153086
2023-09-27 00:00:00+02:00;151052
2023-09-26 00:00:00+02:00;148017
2023-09-25 00:00:00+02:00;140081
2023-09-24 00:00:00+02:00;119642
2023-09-23 00:00:00+02:00;138667
2023-09-22 00:00:00+02:00;155633
2023-09-21 00:00:00+02:00;161050
2023-09-20 00:00:00+02:00;160785
2023-09-19 00:00:00+02:00;156198
2023-09-18 00:00:00+02:00;147268
2023-09-17 00:00:00+02:00;106164
2023-09-16 00:00:00+02:00;126076
2023-09-15 00:00:00+02:00;145369
2023-09-14 00:00:00+02:00;152880
2023-09-13 00:00:00+02:00;148115
2023-09-12 00:00:00+02:00;146834
2023-09-11 00:00:00+02:00;134255
2023-09-10 00:00:00+02:00;97574
2023-09-09 00:00:00+02:00;114692
2023-09-08 00:00:00+02:00;135433
2023-09-07 00:00:00+02:00;140802
2023-09-06 00:00:00+02:00;137494
2023-09-05 00:00:00+02:00;135900
2023-09-04 00:00:00+02:00;124126
2023-09-03 00:00:00+02:00;91745
2023-09-02 00:00:00+02:00;103028
2023-09-01 00:00:00+02:00;111291
2023-08-31 00:00:00+02:00;106940
2023-08-30 00:00:00+02:00;102552
2023-08-29 00:00:00+02:00;97921
2023-08-28 00:00:00+02:00;81155
2023-08-27 00:00:00+02:00;59303
2023-08-26 00:00:00+02:00;60208
2023-08-25 00:00:00+02:00;63508
2023-08-24 00:00:00+02:00;60894
2023-08-23 00:00:00+02:00;58934
2023-08-22 00:00:00+02:00;57286
2023-08-21 00:00:00+02:00;53117
2023-08-20 00:00:00+02:00;41585
2023-08-19 00:00:00+02:00;45376
2023-08-18 00:00:00+02:00;45237
2023-08-17 00:00:00+02:00;45500
2023-08-16 00:00:00+02:00;42213
2023-08-15 00:00:00+02:00;34556
2023-08-14 00:00:00+02:00;39785
2023-08-13 00:00:00+02:00;39109
2023-08-12 00:00:00+02:00;49240
2023-08-11 00:00:00+02:00;55280
2023-08-10 00:00:00+02:00;58077
2023-08-09 00:00:00+02:00;61992
2023-08-08 00:00:00+02:00;63501
2023-08-07 00:00:00+02:00;62939
2023-08-06 00:00:00+02:00;53210
2023-08-05 00:00:00+02:00;69654
2023-08-04 00:00:00+02:00;83309
2023-08-03 00:00:00+02:00;99162
2023-08-02 00:00:00+02:00;103831
2023-08-01 00:00:00+02:00;105498
2023-07-31 00:00:00+02:00;103581
2023-07-30 00:00:00+02:00;70082
2023-07-29 00:00:00+02:00;88787
2023-07-28 00:00:00+02:00;116338
2023-07-27 00:00:00+02:00;134452
2023-07-26 00:00:00+02:00;135525
2023-07-25 00:00:00+02:00;133474
2023-07-24 00:00:00+02:00;115539
2023-07-23 00:00:00+02:00;75844
2023-07-22 00:00:00+02:00;89721
2023-07-21 00:00:00+02:00;117295
2023-07-20 00:00:00+02:00;135286
2023-07-19 00:00:00+02:00;137029
2023-07-18 00:00:00+02:00;137421
2023-07-17 00:00:00+02:00;123149
2023-07-16 00:00:00+02:00;75362
2023-07-15 00:00:00+02:00;92393
2023-07-14 00:00:00+02:00;123314
2023-07-13 00:00:00+02:00;139668
2023-07-12 00:00:00+02:00;140495
2023-07-11 00:00:00+02:00;137268
2023-07-10 00:00:00+02:00;123614
2023-07-09 00:00:00+02:00;78181
2023-07-08 00:00:00+02:00;95911
2023-07-07 00:00:00+02:00;129870
2023-07-06 00:00:00+02:00;137483
2023-07-05 00:00:00+02:00;138966
2023-07-04 00:00:00+02:00;136709
2023-07-03 00:00:00+02:00;124389
2023-07-02 00:00:00+02:00;83046
2023-07-01 00:00:00+02:00;102768
2023-06-30 00:00:00+02:00;126030
2023-06-29 00:00:00+02:00;148246
2023-06-28 00:00:00+02:00;148511
2023-06-27 00:00:00+02:00;147785
2023-06-26 00:00:00+02:00;131114
2023-06-25 00:00:00+02:00;87020
2023-06-24 00:00:00+02:00;103383
2023-06-23 00:00:00+02:00;130392
2023-06-22 00:00:00+02:00;148229
2023-06-21 00:00:00+02:00;149075
2023-06-20 00:00:00+02:00;147309
2023-06-19 00:00:00+02:00;134849
2023-06-18 00:00:00+02:00;95129
2023-06-17 00:00:00+02:00;113033
2023-06-16 00:00:00+02:00;141231
2023-06-15 00:00:00+02:00;149284
2023-06-14 00:00:00+02:00;138807
2023-06-13 00:00:00+02:00;141802
2023-06-12 00:00:00+02:00;131839
2023-06-11 00:00:00+02:00;100758
2023-06-10 00:00:00+02:00;118431
2023-06-09 00:00:00+02:00;146577
2023-06-08 00:00:00+02:00;156551
2023-06-07 00:00:00+02:00;149237
2023-06-06 00:00:00+02:00;149494
2023-06-05 00:00:00+02:00;134609
2023-06-04 00:00:00+02:00;86049
2023-06-03 00:00:00+02:00;87891
2023-06-02 00:00:00+02:00;81750
2023-06-01 00:00:00+02:00;137525
2023-05-31 00:00:00+02:00;148990
2023-05-30 00:00:00+02:00;150410
2023-05-29 00:00:00+02:00;140443
2023-05-28 00:00:00+02:00;103030
2023-05-27 00:00:00+02:00;129447
2023-05-26 00:00:00+02:00;153529
2023-05-25 00:00:00+02:00;153115
2023-05-24 00:00:00+02:00;147878
2023-05-23 00:00:00+02:00;148044
2023-05-22 00:00:00+02:00;137620
2023-05-21 00:00:00+02:00;107870
2023-05-20 00:00:00+02:00;127480
2023-05-19 00:00:00+02:00;146773
2023-05-18 00:00:00+02:00;153481
2023-05-17 00:00:00+02:00;149980
2023-05-16 00:00:00+02:00;148742
2023-05-15 00:00:00+02:00;136568
2023-05-14 00:00:00+02:00;109876
2023-05-13 00:00:00+02:00;137564
2023-05-12 00:00:00+02:00;149365
2023-05-11 00:00:00+02:00;154534
2023-05-10 00:00:00+02:00;146439
2023-05-09 00:00:00+02:00;151749
2023-05-08 00:00:00+02:00;138152
2023-05-07 00:00:00+02:00;108413
2023-05-06 00:00:00+02:00;132316
2023-05-05 00:00:00+02:00;152544
2023-05-04 00:00:00+02:00;154859
2023-05-03 00:00:00+02:00;145786
2023-05-02 00:00:00+02:00;137865
2023-05-01 00:00:00+02:00;91350
2023-04-30 00:00:00+02:00;94198
2023-04-29 00:00:00+02:00;116820
2023-04-28 00:00:00+02:00;141389
2023-04-27 00:00:00+02:00;145719
2023-04-26 00:00:00+02:00;135005
2023-04-25 00:00:00+02:00;88330
2023-04-24 00:00:00+02:00;97695
2023-04-23 00:00:00+02:00;102202
2023-04-22 00:00:00+02:00;138704
2023-04-21 00:00:00+02:00;155379
2023-04-20 00:00:00+02:00;152445
2023-04-19 00:00:00+02:00;167018
2023-04-18 00:00:00+02:00;162020
2023-04-17 00:00:00+02:00;149371
2023-04-16 00:00:00+02:00;114001
2023-04-15 00:00:00+02:00;136140
2023-04-14 00:00:00+02:00;148730
2023-04-13 00:00:00+02:00;142482
2023-04-12 00:00:00+02:00;137189
2023-04-11 00:00:00+02:00;114328
2023-04-10 00:00:00+02:00;69836
2023-04-09 00:00:00+02:00;57568
2023-04-08 00:00:00+02:00;82214
2023-04-07 00:00:00+02:00;105127
2023-04-06 00:00:00+02:00;131153
2023-04-05 00:00:00+02:00;147669
2023-04-04 00:00:00+02:00;145999
2023-04-03 00:00:00+02:00;133641
2023-04-02 00:00:00+02:00;102661
2023-04-01 00:00:00+02:00;136309
2023-03-31 00:00:00+02:00;158833
2023-03-30 00:00:00+02:00;149863
2023-03-29 00:00:00+02:00;146299
2023-03-28 00:00:00+02:00;142464
2023-03-27 00:00:00+02:00;131667
2023-03-26 00:00:00+01:00;101722
2023-03-25 00:00:00+01:00;130225
2023-03-24 00:00:00+01:00;144425
2023-03-23 00:00:00+01:00;147970
2023-03-22 00:00:00+01:00;145375
2023-03-21 00:00:00+01:00;149040
2023-03-20 00:00:00+01:00;133026
2023-03-19 00:00:00+01:00;92223
2023-03-18 00:00:00+01:00;125792
2023-03-17 00:00:00+01:00;142370
2023-03-16 00:00:00+01:00;144651
2023-03-15 00:00:00+01:00;141771
2023-03-14 00:00:00+01:00;137665
2023-03-13 00:00:00+01:00;129259
2023-03-12 00:00:00+01:00;99892
2023-03-11 00:00:00+01:00;123645
2023-03-10 00:00:00+01:00;140316
2023-03-09 00:00:00+01:00;142862
2023-03-08 00:00:00+01:00;149879
2023-03-07 00:00:00+01:00;137323
2023-03-06 00:00:00+01:00;127354
2023-03-05 00:00:00+01:00;99254
2023-03-04 00:00:00+01:00;120177
2023-03-03 00:00:00+01:00;135765
2023-03-02 00:00:00+01:00;136614
2023-03-01 00:00:00+01:00;136345
2023-02-28 00:00:00+01:00;134928
2023-02-27 00:00:00+01:00;122406
2023-02-26 00:00:00+01:00;97141
2023-02-25 00:00:00+01:00;122795
2023-02-24 00:00:00+01:00;131968
2023-02-23 00:00:00+01:00;141397
2023-02-22 00:00:00+01:00;138425
2023-02-21 00:00:00+01:00;135469
2023-02-20 00:00:00+01:00;122071
2023-02-19 00:00:00+01:00;96042
2023-02-18 00:00:00+01:00;117012
2023-02-17 00:00:00+01:00;150328
2023-02-16 00:00:00+01:00;137015
2023-02-15 00:00:00+01:00;137468
2023-02-14 00:00:00+01:00;137449
2023-02-13 00:00:00+01:00;122964
2023-02-12 00:00:00+01:00;95776
2023-02-11 00:00:00+01:00;115186
2023-02-10 00:00:00+01:00;132105
2023-02-09 00:00:00+01:00;138029
2023-02-08 00:00:00+01:00;132398
2023-02-07 00:00:00+01:00;131020
2023-02-06 00:00:00+01:00;121850
2023-02-05 00:00:00+01:00;97517
2023-02-04 00:00:00+01:00;119788
2023-02-03 00:00:00+01:00;135805
2023-02-02 00:00:00+01:00;136084
2023-02-01 00:00:00+01:00;131917
2023-01-31 00:00:00+01:00;130165
2023-01-30 00:00:00+01:00;121988
2023-01-29 00:00:00+01:00;98070
2023-01-28 00:00:00+01:00;119830
2023-01-27 00:00:00+01:00;141019
2023-01-26 00:00:00+01:00;136375
2023-01-25 00:00:00+01:00;130304
2023-01-24 00:00:00+01:00;129828
2023-01-23 00:00:00+01:00;119079
2023-01-22 00:00:00+01:00;95810
2023-01-21 00:00:00+01:00;117942
2023-01-20 00:00:00+01:00;130150
2023-01-19 00:00:00+01:00;129239
2023-01-18 00:00:00+01:00;129881
2023-01-17 00:00:00+01:00;123576
2023-01-16 00:00:00+01:00;119740
2023-01-15 00:00:00+01:00;97631
2023-01-14 00:00:00+01:00;130062
2023-01-13 00:00:00+01:00;136754
2023-01-12 00:00:00+01:00;135043
2023-01-11 00:00:00+01:00;130159
2023-01-10 00:00:00+01:00;125831
2023-01-09 00:00:00+01:00;114996
2023-01-08 00:00:00+01:00;84581
2023-01-07 00:00:00+01:00;91795
2023-01-06 00:00:00+01:00;76676
2023-01-05 00:00:00+01:00;86921
2023-01-04 00:00:00+01:00;77750
2023-01-03 00:00:00+01:00;70708
2023-01-02 00:00:00+01:00;62177
2023-01-01 00:00:00+01:00;55643
2022-12-24 00:00:00+01:00;95209
2022-12-23 00:00:00+01:00;134311
2022-12-22 00:00:00+01:00;151446
2022-12-21 00:00:00+01:00;154048
2022-12-20 00:00:00+01:00;155581
2022-12-19 00:00:00+01:00;146456
2022-12-18 00:00:00+01:00;117304
2022-12-17 00:00:00+01:00;143016
2022-12-16 00:00:00+01:00;160524
2022-12-15 00:00:00+01:00;155613
2022-12-14 00:00:00+01:00;155831
2022-12-13 00:00:00+01:00;147839
2022-12-12 00:00:00+01:00;141906
2022-12-11 00:00:00+01:00;103861
2022-12-10 00:00:00+01:00;106028
2022-12-09 00:00:00+01:00;99092
2022-12-08 00:00:00+01:00;97425
2022-12-07 00:00:00+01:00;100448
2022-12-06 00:00:00+01:00;139386
2022-12-05 00:00:00+01:00;131870
2022-12-04 00:00:00+01:00;103338
2022-12-03 00:00:00+01:00;129820
2022-12-02 00:00:00+01:00;155414
2022-12-01 00:00:00+01:00;149449
2022-11-30 00:00:00+01:00;143695
2022-11-29 00:00:00+01:00;140948
2022-11-28 00:00:00+01:00;132453
2022-11-27 00:00:00+01:00;106670
2022-11-26 00:00:00+01:00;136469
2022-11-25 00:00:00+01:00;149722
2022-11-24 00:00:00+01:00;148414
2022-11-23 00:00:00+01:00;143973
2022-11-22 00:00:00+01:00;137603
2022-11-21 00:00:00+01:00;132809
2022-11-20 00:00:00+01:00;109265
2022-11-19 00:00:00+01:00;136515
2022-11-18 00:00:00+01:00;148205
2022-11-17 00:00:00+01:00;147046
2022-11-16 00:00:00+01:00;142687
2022-11-15 00:00:00+01:00;137676
2022-11-14 00:00:00+01:00;132167
2022-11-13 00:00:00+01:00;106794
2022-11-12 00:00:00+01:00;137608
2022-11-11 00:00:00+01:00;153261
2022-11-10 00:00:00+01:00;149336
2022-11-09 00:00:00+01:00;143382
2022-11-08 00:00:00+01:00;144345
2022-11-07 00:00:00+01:00;134749
2022-11-06 00:00:00+01:00;103975
2022-11-05 00:00:00+01:00;130713
2022-11-04 00:00:00+01:00;143881
2022-11-03 00:00:00+01:00;140001
2022-11-02 00:00:00+01:00;132063
2022-11-01 00:00:00+01:00;89918
2022-10-31 00:00:00+01:00;99962
2022-10-30 00:00:00+02:00;86836
2022-10-29 00:00:00+02:00;111286
2022-10-28 00:00:00+02:00;140718
2022-10-27 00:00:00+02:00;148312
2022-10-26 00:00:00+02:00;147390
2022-10-25 00:00:00+02:00;143757
2022-10-24 00:00:00+02:00;132395
2022-10-23 00:00:00+02:00;102022
2022-10-22 00:00:00+02:00;131404
2022-10-21 00:00:00+02:00;142164
2022-10-20 00:00:00+02:00;148444
2022-10-19 00:00:00+02:00;146472
2022-10-18 00:00:00+02:00;143072
2022-10-17 00:00:00+02:00;133174
2022-10-16 00:00:00+02:00;105557
2022-10-15 00:00:00+02:00;131227
2022-10-14 00:00:00+02:00;147770
2022-10-13 00:00:00+02:00;150372
2022-10-12 00:00:00+02:00;147124
2022-10-11 00:00:00+02:00;155568
2022-10-10 00:00:00+02:00;133040
2022-10-09 00:00:00+02:00;101325
2022-10-08 00:00:00+02:00;134406
2022-10-07 00:00:00+02:00;148947
2022-10-06 00:00:00+02:00;152264
2022-10-05 00:00:00+02:00;147327
2022-10-04 00:00:00+02:00;146244
2022-10-03 00:00:00+02:00;133779
2022-10-02 00:00:00+02:00;107690
2022-10-01 00:00:00+02:00;132056
2022-09-30 00:00:00+02:00;145682
2022-09-29 00:00:00+02:00;151308
2022-09-28 00:00:00+02:00;152117
2022-09-27 00:00:00+02:00;148442
2022-09-26 00:00:00+02:00;140006
2022-09-25 00:00:00+02:00;122907
2022-09-24 00:00:00+02:00;138378
2022-09-23 00:00:00+02:00;162720
2022-09-22 00:00:00+02:00;162849
2022-09-21 00:00:00+02:00;159565
2022-09-20 00:00:00+02:00;154143
2022-09-19 00:00:00+02:00;142135
2022-09-18 00:00:00+02:00;103387
2022-09-17 00:00:00+02:00;126116
2022-09-16 00:00:00+02:00;161865
2022-09-15 00:00:00+02:00;156556
2022-09-14 00:00:00+02:00;154186
2022-09-13 00:00:00+02:00;151412
2022-09-12 00:00:00+02:00;139943
2022-09-11 00:00:00+02:00;100003
2022-09-10 00:00:00+02:00;118376
2022-09-09 00:00:00+02:00;142798
2022-09-08 00:00:00+02:00;147996
2022-09-07 00:00:00+02:00;146126
2022-09-06 00:00:00+02:00;142033
2022-09-05 00:00:00+02:00;131296
2022-09-04 00:00:00+02:00;95745
2022-09-03 00:00:00+02:00;107969
2022-09-02 00:00:00+02:00;121667
2022-09-01 00:00:00+02:00;121592
2022-08-31 00:00:00+02:00;108191
2022-08-30 00:00:00+02:00;103548
2022-08-29 00:00:00+02:00;92013
2022-08-28 00:00:00+02:00;68086
2022-08-27 00:00:00+02:00;71372
2022-08-26 00:00:00+02:00;69456
2022-08-25 00:00:00+02:00;66799
2022-08-24 00:00:00+02:00;63765
2022-08-23 00:00:00+02:00;61495
2022-08-22 00:00:00+02:00;57278
2022-08-21 00:00:00+02:00;46013
2022-08-20 00:00:00+02:00;49340
2022-08-19 00:00:00+02:00;48912
2022-08-18 00:00:00+02:00;45934
2022-08-17 00:00:00+02:00;46994
2022-08-16 00:00:00+02:00;44043
2022-08-15 00:00:00+02:00;36029
2022-08-14 00:00:00+02:00;42500
2022-08-13 00:00:00+02:00;48701
2022-08-12 00:00:00+02:00;55654
2022-08-11 00:00:00+02:00;57887
2022-08-10 00:00:00+02:00;60137
2022-08-09 00:00:00+02:00;60820
2022-08-08 00:00:00+02:00;61642
2022-08-07 00:00:00+02:00;53910
2022-08-06 00:00:00+02:00;66952
2022-08-05 00:00:00+02:00;84968
2022-08-04 00:00:00+02:00;94215
2022-08-03 00:00:00+02:00;98936
2022-08-02 00:00:00+02:00;102021
2022-08-01 00:00:00+02:00;96043
2022-07-31 00:00:00+02:00;67894
2022-07-30 00:00:00+02:00;89660
2022-07-29 00:00:00+02:00;119105
2022-07-28 00:00:00+02:00;136368
2022-07-27 00:00:00+02:00;136652
2022-07-26 00:00:00+02:00;128881
2022-07-25 00:00:00+02:00;118399
2022-07-24 00:00:00+02:00;73429
2022-07-23 00:00:00+02:00;90423
2022-07-22 00:00:00+02:00;125147
2022-07-21 00:00:00+02:00;143536
2022-07-20 00:00:00+02:00;143912
2022-07-19 00:00:00+02:00;135960
2022-07-18 00:00:00+02:00;120697
2022-07-17 00:00:00+02:00;74841
2022-07-16 00:00:00+02:00;90830
2022-07-15 00:00:00+02:00;125830
2022-07-14 00:00:00+02:00;138020
2022-07-13 00:00:00+02:00;135232
2022-07-12 00:00:00+02:00;124473
2022-07-11 00:00:00+02:00;124623
2022-07-10 00:00:00+02:00;76725
2022-07-09 00:00:00+02:00;93170
2022-07-08 00:00:00+02:00;128406
2022-07-07 00:00:00+02:00;147024
2022-07-06 00:00:00+02:00;136878
2022-07-05 00:00:00+02:00;121658
2022-07-04 00:00:00+02:00;125315
2022-07-03 00:00:00+02:00;81199
2022-07-02 00:00:00+02:00;102145
2022-07-01 00:00:00+02:00;137082
2022-06-30 00:00:00+02:00;155828
2022-06-29 00:00:00+02:00;156894
2022-06-28 00:00:00+02:00;140698
2022-06-27 00:00:00+02:00;122456
2022-06-26 00:00:00+02:00;77704
2022-06-25 00:00:00+02:00;97856
2022-06-24 00:00:00+02:00;132252
2022-06-23 00:00:00+02:00;147902
2022-06-22 00:00:00+02:00;155944
2022-06-21 00:00:00+02:00;147706
2022-06-20 00:00:00+02:00;135722
2022-06-19 00:00:00+02:00;91916
2022-06-18 00:00:00+02:00;112346
2022-06-17 00:00:00+02:00;153371
2022-06-16 00:00:00+02:00;164847
2022-06-15 00:00:00+02:00;158508
2022-06-14 00:00:00+02:00;147593
2022-06-13 00:00:00+02:00;139449
2022-06-12 00:00:00+02:00;110023
2022-06-11 00:00:00+02:00;133069
2022-06-10 00:00:00+02:00;166412
2022-06-09 00:00:00+02:00;178955
2022-06-08 00:00:00+02:00;178887
2022-06-07 00:00:00+02:00;166070
2022-06-06 00:00:00+02:00;153191
2022-06-05 00:00:00+02:00;94882
2022-06-04 00:00:00+02:00;99432
2022-06-03 00:00:00+02:00;99764
2022-06-02 00:00:00+02:00;84738
2022-06-01 00:00:00+02:00;146682
2022-05-31 00:00:00+02:00;153731
2022-05-30 00:00:00+02:00;142792
2022-05-29 00:00:00+02:00;104052
2022-05-28 00:00:00+02:00;124782
2022-05-27 00:00:00+02:00;158323
2022-05-26 00:00:00+02:00;165584
2022-05-25 00:00:00+02:00;159004
2022-05-24 00:00:00+02:00;155342
2022-05-23 00:00:00+02:00;150164
2022-05-22 00:00:00+02:00;113642
2022-05-21 00:00:00+02:00;132335
2022-05-20 00:00:00+02:00;161280
2022-05-19 00:00:00+02:00;161027
2022-05-18 00:00:00+02:00;156581
2022-05-17 00:00:00+02:00;153617
2022-05-16 00:00:00+02:00;141558
2022-05-15 00:00:00+02:00;95909
2022-05-14 00:00:00+02:00;132045
2022-05-13 00:00:00+02:00;155479
2022-05-12 00:00:00+02:00;157784
2022-05-11 00:00:00+02:00;154756
2022-05-10 00:00:00+02:00;154585
2022-05-09 00:00:00+02:00;141807
2022-05-08 00:00:00+02:00;111776
2022-05-07 00:00:00+02:00;139825
2022-05-06 00:00:00+02:00;152772
2022-05-05 00:00:00+02:00;158877
2022-05-04 00:00:00+02:00;155881
2022-05-03 00:00:00+02:00;155656
2022-05-02 00:00:00+02:00;142043
2022-05-01 00:00:00+02:00;110769
2022-04-30 00:00:00+02:00;133422
2022-04-29 00:00:00+02:00;154456
2022-04-28 00:00:00+02:00;153137
2022-04-27 00:00:00+02:00;145362
2022-04-26 00:00:00+02:00;136279
2022-04-25 00:00:00+02:00;92729
2022-04-24 00:00:00+02:00;92873
2022-04-23 00:00:00+02:00;113712
2022-04-22 00:00:00+02:00;138666
2022-04-21 00:00:00+02:00;139975
2022-04-20 00:00:00+02:00;133940
2022-04-19 00:00:00+02:00;112529
2022-04-18 00:00:00+02:00;68989
2022-04-17 00:00:00+02:00;58846
2022-04-16 00:00:00+02:00;86612
2022-04-15 00:00:00+02:00;109484
2022-04-14 00:00:00+02:00;134918
2022-04-13 00:00:00+02:00;150234
2022-04-12 00:00:00+02:00;150216
2022-04-11 00:00:00+02:00;137889
2022-04-10 00:00:00+02:00;105401
2022-04-09 00:00:00+02:00;130611
2022-04-08 00:00:00+02:00;150132
2022-04-07 00:00:00+02:00;152898
2022-04-06 00:00:00+02:00;147751
2022-04-05 00:00:00+02:00;143437
2022-04-04 00:00:00+02:00;130829
2022-04-03 00:00:00+02:00;101673
2022-04-02 00:00:00+02:00;134564
2022-04-01 00:00:00+02:00;143556
2022-03-31 00:00:00+02:00;144363
2022-03-30 00:00:00+02:00;138168
2022-03-29 00:00:00+02:00;141896
2022-03-28 00:00:00+02:00;129969
2022-03-27 00:00:00+01:00;102306
2022-03-26 00:00:00+01:00;126331
2022-03-25 00:00:00+01:00;145948
2022-03-24 00:00:00+01:00;146386
2022-03-23 00:00:00+01:00;143340
2022-03-22 00:00:00+01:00;138567
2022-03-21 00:00:00+01:00;129926
2022-03-20 00:00:00+01:00;98573
2022-03-19 00:00:00+01:00;125678
2022-03-18 00:00:00+01:00;144288
2022-03-17 00:00:00+01:00;142842
2022-03-16 00:00:00+01:00;140284
2022-03-15 00:00:00+01:00;138617
2022-03-14 00:00:00+01:00;131118
2022-03-13 00:00:00+01:00;101073
2022-03-12 00:00:00+01:00;125152
2022-03-11 00:00:00+01:00;143792
2022-03-10 00:00:00+01:00;145213
2022-03-09 00:00:00+01:00;142552
2022-03-08 00:00:00+01:00;150616
2022-03-07 00:00:00+01:00;129456
2022-03-06 00:00:00+01:00;97058
2022-03-05 00:00:00+01:00;114159
2022-03-04 00:00:00+01:00;126764
2022-03-03 00:00:00+01:00;131599
2022-03-02 00:00:00+01:00;135965
2022-03-01 00:00:00+01:00;135764
2022-02-28 00:00:00+01:00;127576
2022-02-27 00:00:00+01:00;105575
2022-02-26 00:00:00+01:00;131185
2022-02-25 00:00:00+01:00;169045
2022-02-24 00:00:00+01:00;155154
2022-02-23 00:00:00+01:00;150761
2022-02-22 00:00:00+01:00;142229
2022-02-21 00:00:00+01:00;130184
2022-02-20 00:00:00+01:00;99880
2022-02-19 00:00:00+01:00;121149
2022-02-18 00:00:00+01:00;142112
2022-02-17 00:00:00+01:00;143801
2022-02-16 00:00:00+01:00;141764
2022-02-15 00:00:00+01:00;134660
2022-02-14 00:00:00+01:00;131162
2022-02-13 00:00:00+01:00;98932
2022-02-12 00:00:00+01:00;121097
2022-02-11 00:00:00+01:00;141497
2022-02-10 00:00:00+01:00;138594
2022-02-09 00:00:00+01:00;136732
2022-02-08 00:00:00+01:00;133018
2022-02-07 00:00:00+01:00;125635
2022-02-06 00:00:00+01:00;89546
2022-02-05 00:00:00+01:00;112520
2022-02-04 00:00:00+01:00;134738
2022-02-03 00:00:00+01:00;136717
2022-02-02 00:00:00+01:00;132740
2022-02-01 00:00:00+01:00;128941
2022-01-31 00:00:00+01:00;121779
2022-01-30 00:00:00+01:00;95739
2022-01-29 00:00:00+01:00;115818
2022-01-28 00:00:00+01:00;130569
2022-01-27 00:00:00+01:00;127147
2022-01-26 00:00:00+01:00;123750
2022-01-25 00:00:00+01:00;123522
2022-01-24 00:00:00+01:00;113754
2022-01-23 00:00:00+01:00;86830
2022-01-22 00:00:00+01:00;110583
2022-01-21 00:00:00+01:00;125558
2022-01-20 00:00:00+01:00;124720
2022-01-19 00:00:00+01:00;125228
2022-01-18 00:00:00+01:00;123493
2022-01-17 00:00:00+01:00;115890
2022-01-16 00:00:00+01:00;87310
2022-01-15 00:00:00+01:00;114351
2022-01-14 00:00:00+01:00;131921
2022-01-13 00:00:00+01:00;121817
2022-01-12 00:00:00+01:00;118280
2022-01-11 00:00:00+01:00;116859
2022-01-10 00:00:00+01:00;108094
2022-01-09 00:00:00+01:00;75734
2022-01-08 00:00:00+01:00;90275
2022-01-07 00:00:00+01:00;88070
2022-01-06 00:00:00+01:00;68829
2022-01-05 00:00:00+01:00;77642
2022-01-04 00:00:00+01:00;70901
2022-01-03 00:00:00+01:00;68379
2022-01-02 00:00:00+01:00;60049
2022-01-01 00:00:00+01:00;49846
2021-12-31 00:00:00+01:00;64385
2021-12-30 00:00:00+01:00;79494
2021-12-29 00:00:00+01:00;83995
2021-12-28 00:00:00+01:00;82426
2021-12-27 00:00:00+01:00;81634
2021-12-19 00:00:00+01:00;116080
2021-12-18 00:00:00+01:00;135524
2021-12-17 00:00:00+01:00;159047
2021-12-16 00:00:00+01:00;173321
2021-12-15 00:00:00+01:00;161707
2021-12-14 00:00:00+01:00;159184
2021-12-13 00:00:00+01:00;146480
2021-12-12 00:00:00+01:00;116986
2021-12-11 00:00:00+01:00;138416
2021-12-10 00:00:00+01:00;145314
2021-12-09 00:00:00+01:00;142380
2021-12-08 00:00:00+01:00;93028
2021-12-07 00:00:00+01:00;102649
2021-12-06 00:00:00+01:00;104039
2021-12-05 00:00:00+01:00;94888
2021-12-04 00:00:00+01:00;119978
2021-12-03 00:00:00+01:00;156020
2021-12-02 00:00:00+01:00;158817
2021-12-01 00:00:00+01:00;155682
2021-11-30 00:00:00+01:00;152242
2021-11-29 00:00:00+01:00;142548
2021-11-28 00:00:00+01:00;116658
2021-11-27 00:00:00+01:00;143127
2021-11-26 00:00:00+01:00;160272
2021-11-25 00:00:00+01:00;153112
2021-11-24 00:00:00+01:00;142635
2021-11-23 00:00:00+01:00;149759
2021-11-22 00:00:00+01:00;136983
2021-11-21 00:00:00+01:00;110837
2021-11-20 00:00:00+01:00;139622
2021-11-19 00:00:00+01:00;157471
2021-11-18 00:00:00+01:00;156602
2021-11-17 00:00:00+01:00;151588
2021-11-16 00:00:00+01:00;150435
2021-11-15 00:00:00+01:00;135311
2021-11-14 00:00:00+01:00;102864
2021-11-13 00:00:00+01:00;139579
2021-11-12 00:00:00+01:00;157440
2021-11-11 00:00:00+01:00;158951
2021-11-10 00:00:00+01:00;154979
2021-11-09 00:00:00+01:00;151011
2021-11-08 00:00:00+01:00;139065
2021-11-07 00:00:00+01:00;113484
2021-11-06 00:00:00+01:00;141616
2021-11-05 00:00:00+01:00;157695
2021-11-04 00:00:00+01:00;155899
2021-11-03 00:00:00+01:00;145206
2021-11-02 00:00:00+01:00;139213
2021-11-01 00:00:00+01:00;94216
2021-10-31 00:00:00+02:00;102001
2021-10-30 00:00:00+02:00;122375
2021-10-29 00:00:00+02:00;150400
2021-10-28 00:00:00+02:00;155829
2021-10-27 00:00:00+02:00;154630
2021-10-26 00:00:00+02:00;152155
2021-10-25 00:00:00+02:00;143294
2021-10-24 00:00:00+02:00;112027
2021-10-23 00:00:00+02:00;141873
2021-10-22 00:00:00+02:00;147203
2021-10-21 00:00:00+02:00;155422
2021-10-20 00:00:00+02:00;153457
2021-10-19 00:00:00+02:00;151747
2021-10-18 00:00:00+02:00;142368
2021-10-17 00:00:00+02:00;109439
2021-10-16 00:00:00+02:00;138817
2021-10-15 00:00:00+02:00;156594
2021-10-14 00:00:00+02:00;159815
2021-10-13 00:00:00+02:00;155014
2021-10-12 00:00:00+02:00;153613
2021-10-11 00:00:00+02:00;150670
2021-10-10 00:00:00+02:00;111263
2021-10-09 00:00:00+02:00;141260
2021-10-08 00:00:00+02:00;158016
2021-10-07 00:00:00+02:00;160509
2021-10-06 00:00:00+02:00;155669
2021-10-05 00:00:00+02:00;147180
2021-10-04 00:00:00+02:00;135113
2021-10-03 00:00:00+02:00;108396
2021-10-02 00:00:00+02:00;139421
2021-10-01 00:00:00+02:00;155051
2021-09-30 00:00:00+02:00;156623
2021-09-29 00:00:00+02:00;154120
2021-09-28 00:00:00+02:00;154113
2021-09-27 00:00:00+02:00;146267
2021-09-26 00:00:00+02:00;106751
2021-09-25 00:00:00+02:00;147971
2021-09-24 00:00:00+02:00;168035
2021-09-23 00:00:00+02:00;169411
2021-09-22 00:00:00+02:00;166842
2021-09-21 00:00:00+02:00;160970
2021-09-20 00:00:00+02:00;148638
2021-09-19 00:00:00+02:00;107202
2021-09-18 00:00:00+02:00;142051
2021-09-17 00:00:00+02:00;162571
2021-09-16 00:00:00+02:00;158519
2021-09-15 00:00:00+02:00;158980
2021-09-14 00:00:00+02:00;155515
2021-09-13 00:00:00+02:00;143672
2021-09-12 00:00:00+02:00;102680
2021-09-11 00:00:00+02:00;127915
2021-09-10 00:00:00+02:00;157551
2021-09-09 00:00:00+02:00;164222
2021-09-08 00:00:00+02:00;162700
2021-09-07 00:00:00+02:00;159825
2021-09-06 00:00:00+02:00;145986
2021-09-05 00:00:00+02:00;107437
2021-09-04 00:00:00+02:00;120092
2021-09-03 00:00:00+02:00;131808
2021-09-02 00:00:00+02:00;129492
2021-09-01 00:00:00+02:00;124646
2021-08-31 00:00:00+02:00;116028
2021-08-30 00:00:00+02:00;101476
2021-08-29 00:00:00+02:00;72668
2021-08-28 00:00:00+02:00;78779
2021-08-27 00:00:00+02:00;76232
2021-08-26 00:00:00+02:00;73670
2021-08-25 00:00:00+02:00;71889
2021-08-24 00:00:00+02:00;69497
2021-08-23 00:00:00+02:00;61912
2021-08-22 00:00:00+02:00;48808
2021-08-21 00:00:00+02:00;50767
2021-08-20 00:00:00+02:00;48836
2021-08-19 00:00:00+02:00;47522
2021-08-18 00:00:00+02:00;46119
2021-08-17 00:00:00+02:00;45986
2021-08-16 00:00:00+02:00;41760
2021-08-15 00:00:00+02:00;33705
2021-08-14 00:00:00+02:00;43109
2021-08-13 00:00:00+02:00;48432
2021-08-12 00:00:00+02:00;50629
2021-08-11 00:00:00+02:00;52095
2021-08-10 00:00:00+02:00;54886
2021-08-09 00:00:00+02:00;54952
2021-08-08 00:00:00+02:00;49171
2021-08-07 00:00:00+02:00;66610
2021-08-06 00:00:00+02:00;81382
2021-08-05 00:00:00+02:00;90448
2021-08-04 00:00:00+02:00;93517
2021-08-03 00:00:00+02:00;98829
2021-08-02 00:00:00+02:00;93014
2021-08-01 00:00:00+02:00;67674
2021-07-31 00:00:00+02:00;88498
2021-07-30 00:00:00+02:00;118371
2021-07-29 00:00:00+02:00;130283
2021-07-28 00:00:00+02:00;133064
2021-07-27 00:00:00+02:00;128452
2021-07-26 00:00:00+02:00;116530
2021-07-25 00:00:00+02:00;74286
2021-07-24 00:00:00+02:00;92714
2021-07-23 00:00:00+02:00;121622
2021-07-22 00:00:00+02:00;136368
2021-07-21 00:00:00+02:00;137159
2021-07-20 00:00:00+02:00;131035
2021-07-19 00:00:00+02:00;121070
2021-07-18 00:00:00+02:00;74525
2021-07-17 00:00:00+02:00;93600
2021-07-16 00:00:00+02:00;123363
2021-07-15 00:00:00+02:00;135315
2021-07-14 00:00:00+02:00;134289
2021-07-13 00:00:00+02:00;128132
2021-07-12 00:00:00+02:00;135779
2021-07-11 00:00:00+02:00;70910
2021-07-10 00:00:00+02:00;94097
2021-07-09 00:00:00+02:00;121528
2021-07-08 00:00:00+02:00;134663
2021-07-07 00:00:00+02:00;139591
2021-07-06 00:00:00+02:00;132416
2021-07-05 00:00:00+02:00;124553
2021-07-04 00:00:00+02:00;78352
2021-07-03 00:00:00+02:00;99539
2021-07-02 00:00:00+02:00;122146
2021-07-01 00:00:00+02:00;138201
2021-06-30 00:00:00+02:00;144682
2021-06-29 00:00:00+02:00;140612
2021-06-28 00:00:00+02:00;130027
2021-06-27 00:00:00+02:00;85010
2021-06-26 00:00:00+02:00;100382
2021-06-25 00:00:00+02:00;132919
2021-06-24 00:00:00+02:00;145097
2021-06-23 00:00:00+02:00;145766
2021-06-22 00:00:00+02:00;142890
2021-06-21 00:00:00+02:00;133922
2021-06-20 00:00:00+02:00;84626
2021-06-19 00:00:00+02:00;109934
2021-06-18 00:00:00+02:00;137729
2021-06-17 00:00:00+02:00;149885
2021-06-16 00:00:00+02:00;147960
2021-06-15 00:00:00+02:00;145336
2021-06-14 00:00:00+02:00;134037
2021-06-13 00:00:00+02:00;85645
2021-06-12 00:00:00+02:00;111924
2021-06-11 00:00:00+02:00;138620
2021-06-10 00:00:00+02:00;148744
2021-06-09 00:00:00+02:00;147085
2021-06-08 00:00:00+02:00;154061
2021-06-07 00:00:00+02:00;142264
2021-06-06 00:00:00+02:00;91062
2021-06-05 00:00:00+02:00;111120
2021-06-04 00:00:00+02:00;138502
2021-06-03 00:00:00+02:00;137999
2021-06-02 00:00:00+02:00;93640
2021-06-01 00:00:00+02:00;148463
2021-05-31 00:00:00+02:00;122534
2021-05-30 00:00:00+02:00;86194
2021-05-29 00:00:00+02:00;111223
2021-05-28 00:00:00+02:00;145655
2021-05-27 00:00:00+02:00;149549
2021-05-26 00:00:00+02:00;148998
2021-05-25 00:00:00+02:00;145003
2021-05-24 00:00:00+02:00;129906
2021-05-23 00:00:00+02:00;91752
2021-05-22 00:00:00+02:00;120190
2021-05-21 00:00:00+02:00;145306
2021-05-20 00:00:00+02:00;143928
2021-05-19 00:00:00+02:00;142733
2021-05-18 00:00:00+02:00;140065
2021-05-17 00:00:00+02:00;127585
2021-05-16 00:00:00+02:00;88852
2021-05-15 00:00:00+02:00;122980
2021-05-14 00:00:00+02:00;145171
2021-05-13 00:00:00+02:00;147499
2021-05-12 00:00:00+02:00;148119
2021-05-11 00:00:00+02:00;134184
2021-05-10 00:00:00+02:00;130883
2021-05-09 00:00:00+02:00;91592
2021-05-08 00:00:00+02:00;119100
2021-05-07 00:00:00+02:00;143838
2021-05-06 00:00:00+02:00;145870
2021-05-05 00:00:00+02:00;145147
2021-05-04 00:00:00+02:00;140489
2021-05-03 00:00:00+02:00;129282
2021-05-02 00:00:00+02:00;103433
2021-05-01 00:00:00+02:00;103147
2021-04-30 00:00:00+02:00;141205
2021-04-29 00:00:00+02:00;136474
2021-04-28 00:00:00+02:00;142960
2021-04-27 00:00:00+02:00;136046
2021-04-26 00:00:00+02:00;125141
2021-04-25 00:00:00+02:00;83388
2021-04-24 00:00:00+02:00;104812
2021-04-23 00:00:00+02:00;134172
2021-04-22 00:00:00+02:00;135624
2021-04-21 00:00:00+02:00;134707
2021-04-20 00:00:00+02:00;131769
2021-04-19 00:00:00+02:00;123698
2021-04-18 00:00:00+02:00;75081
2021-04-17 00:00:00+02:00;108004
2021-04-16 00:00:00+02:00;133261
2021-04-15 00:00:00+02:00;132920
2021-04-14 00:00:00+02:00;133329
2021-04-13 00:00:00+02:00;130566
2021-04-12 00:00:00+02:00;121331
2021-04-11 00:00:00+02:00;58555
2021-04-10 00:00:00+02:00;82691
2021-04-09 00:00:00+02:00;116759
2021-04-08 00:00:00+02:00;116504
2021-04-07 00:00:00+02:00;113771
2021-04-06 00:00:00+02:00;102044
2021-04-05 00:00:00+02:00;56761
2021-04-04 00:00:00+02:00;46089
2021-04-03 00:00:00+02:00;65032
2021-04-02 00:00:00+02:00;94555
2021-04-01 00:00:00+02:00;107916
2021-03-31 00:00:00+02:00;112911
2021-03-30 00:00:00+02:00;110980
2021-03-29 00:00:00+02:00;104820
2021-03-28 00:00:00+01:00;54722
2021-03-27 00:00:00+01:00;75803
2021-03-26 00:00:00+01:00;122525
2021-03-25 00:00:00+01:00;110883
2021-03-24 00:00:00+01:00;107843
2021-03-23 00:00:00+01:00;105626
2021-03-22 00:00:00+01:00;100674
2021-03-21 00:00:00+01:00;48764
2021-03-20 00:00:00+01:00;68998
2021-03-19 00:00:00+01:00;104425
2021-03-18 00:00:00+01:00;104902
2021-03-17 00:00:00+01:00;103109
2021-03-16 00:00:00+01:00;100786
2021-03-15 00:00:00+01:00;96756
2021-03-14 00:00:00+01:00;67866
2021-03-13 00:00:00+01:00;94266
2021-03-12 00:00:00+01:00;116573
2021-03-11 00:00:00+01:00;115417
2021-03-10 00:00:00+01:00;114372
2021-03-09 00:00:00+01:00;113216
2021-03-08 00:00:00+01:00;110830
2021-03-07 00:00:00+01:00;60638
2021-03-06 00:00:00+01:00;84768
2021-03-05 00:00:00+01:00;114267
2021-03-04 00:00:00+01:00;128982
2021-03-03 00:00:00+01:00;125383
2021-03-02 00:00:00+01:00;122430
2021-03-01 00:00:00+01:00;117254
2021-02-28 00:00:00+01:00;83010
2021-02-27 00:00:00+01:00;107258
2021-02-26 00:00:00+01:00;130652
2021-02-25 00:00:00+01:00;132673
2021-02-24 00:00:00+01:00;131428
2021-02-23 00:00:00+01:00;139333
2021-02-22 00:00:00+01:00;129393
2021-02-21 00:00:00+01:00;77767
2021-02-20 00:00:00+01:00;97388
2021-02-19 00:00:00+01:00;119344
2021-02-18 00:00:00+01:00;128710
2021-02-17 00:00:00+01:00;132986
2021-02-16 00:00:00+01:00;132702
2021-02-15 00:00:00+01:00;123264
2021-02-14 00:00:00+01:00;85261
2021-02-13 00:00:00+01:00;105432
2021-02-12 00:00:00+01:00;138546
2021-02-11 00:00:00+01:00;142462
2021-02-10 00:00:00+01:00;137323
2021-02-09 00:00:00+01:00;134868
2021-02-08 00:00:00+01:00;133813
2021-02-07 00:00:00+01:00;73800
2021-02-06 00:00:00+01:00;104538
2021-02-05 00:00:00+01:00;132663
2021-02-04 00:00:00+01:00;137936
2021-02-03 00:00:00+01:00;134128
2021-02-02 00:00:00+01:00;133660
2021-02-01 00:00:00+01:00;126203
2021-01-31 00:00:00+01:00;70180
2021-01-30 00:00:00+01:00;93533
2021-01-29 00:00:00+01:00;131372
2021-01-28 00:00:00+01:00;134860
2021-01-27 00:00:00+01:00;132848
2021-01-26 00:00:00+01:00;130631
2021-01-25 00:00:00+01:00;123025
2021-01-24 00:00:00+01:00;66325
2021-01-23 00:00:00+01:00;73856
2021-01-22 00:00:00+01:00;119422
2021-01-21 00:00:00+01:00;119055
2021-01-20 00:00:00+01:00;115093
2021-01-19 00:00:00+01:00;114954
2021-01-18 00:00:00+01:00;111148
2021-01-17 00:00:00+01:00;43858
2021-01-16 00:00:00+01:00;101264
2021-01-15 00:00:00+01:00;130330
2021-01-14 00:00:00+01:00;128843
2021-01-13 00:00:00+01:00;125267
2021-01-12 00:00:00+01:00;123944
2021-01-11 00:00:00+01:00;117448
2021-01-10 00:00:00+01:00;59600
2021-01-09 00:00:00+01:00;83413
2021-01-08 00:00:00+01:00;123219
2021-01-07 00:00:00+01:00;116556
2021-01-06 00:00:00+01:00;49940
2021-01-05 00:00:00+01:00;78731
2021-01-04 00:00:00+01:00;96555
2021-01-03 00:00:00+01:00;36691
2021-01-02 00:00:00+01:00;41914
2021-01-01 00:00:00+01:00;35905
2020-12-31 00:00:00+01:00;56571
2020-12-30 00:00:00+01:00;94358
2020-12-29 00:00:00+01:00;87912
2020-12-28 00:00:00+01:00;64163
2020-12-27 00:00:00+01:00;37593
2020-12-26 00:00:00+01:00;37550
2020-12-25 00:00:00+01:00;42819
2020-12-24 00:00:00+01:00;70397
2020-12-23 00:00:00+01:00;134138
2020-12-22 00:00:00+01:00;139509
2020-12-21 00:00:00+01:00;130013
2020-12-20 00:00:00+01:00;78242
2020-12-19 00:00:00+01:00;108592
2020-12-18 00:00:00+01:00;148906
2020-12-17 00:00:00+01:00;147618
2020-12-16 00:00:00+01:00;144196
2020-12-15 00:00:00+01:00;139948
2020-12-14 00:00:00+01:00;134867
2020-12-13 00:00:00+01:00;98880
2020-12-12 00:00:00+01:00;103859
2020-12-11 00:00:00+01:00;138520
2020-12-10 00:00:00+01:00;140761
2020-12-09 00:00:00+01:00;136211
2020-12-08 00:00:00+01:00;83097
2020-12-07 00:00:00+01:00;92222
2020-12-06 00:00:00+01:00;62456
2020-12-05 00:00:00+01:00;89857
2020-12-04 00:00:00+01:00;129432
2020-12-03 00:00:00+01:00;129893
2020-12-02 00:00:00+01:00;122381
2020-12-01 00:00:00+01:00;121676
2020-11-30 00:00:00+01:00;117581
2020-11-29 00:00:00+01:00;57648
2020-11-28 00:00:00+01:00;65709
2020-11-27 00:00:00+01:00;112347
2020-11-26 00:00:00+01:00;111689
2020-11-25 00:00:00+01:00;110137
2020-11-24 00:00:00+01:00;107105
2020-11-23 00:00:00+01:00;102178
2020-11-22 00:00:00+01:00;52339
2020-11-21 00:00:00+01:00;56046
2020-11-20 00:00:00+01:00;100068
2020-11-19 00:00:00+01:00;105937
2020-11-18 00:00:00+01:00;104134
2020-11-17 00:00:00+01:00;100155
2020-11-16 00:00:00+01:00;97497
2020-11-15 00:00:00+01:00;32010
2020-11-14 00:00:00+01:00;54169
2020-11-13 00:00:00+01:00;98796
2020-11-12 00:00:00+01:00;102656
2020-11-11 00:00:00+01:00;99697
2020-11-10 00:00:00+01:00;97801
2020-11-09 00:00:00+01:00;94968
2020-11-08 00:00:00+01:00;30875
2020-11-07 00:00:00+01:00;51333
2020-11-06 00:00:00+01:00;92488
2020-11-05 00:00:00+01:00;124371
2020-11-04 00:00:00+01:00;117786
2020-11-03 00:00:00+01:00;109584
2020-11-02 00:00:00+01:00;104152
2020-11-01 00:00:00+01:00;69789
2020-10-31 00:00:00+01:00;90859
2020-10-30 00:00:00+01:00;114398
2020-10-29 00:00:00+01:00;116937
2020-10-28 00:00:00+01:00;117181
2020-10-27 00:00:00+01:00;115444
2020-10-26 00:00:00+01:00;107706
2020-10-25 00:00:00+02:00;84852
2020-10-24 00:00:00+02:00;103446
2020-10-23 00:00:00+02:00;127783
2020-10-22 00:00:00+02:00;130068
2020-10-21 00:00:00+02:00;132589
2020-10-20 00:00:00+02:00;133355
2020-10-19 00:00:00+02:00;127214
2020-10-18 00:00:00+02:00;87684
2020-10-17 00:00:00+02:00;116646
2020-10-16 00:00:00+02:00;141600
2020-10-15 00:00:00+02:00;141227
2020-10-14 00:00:00+02:00;142696
2020-10-13 00:00:00+02:00;142631
2020-10-12 00:00:00+02:00;132494
2020-10-11 00:00:00+02:00;95265
2020-10-10 00:00:00+02:00;130718
2020-10-09 00:00:00+02:00;149630
2020-10-08 00:00:00+02:00;151672
2020-10-07 00:00:00+02:00;152079
2020-10-06 00:00:00+02:00;146685
2020-10-05 00:00:00+02:00;136335
2020-10-04 00:00:00+02:00;101513
2020-10-03 00:00:00+02:00;134472
2020-10-02 00:00:00+02:00;145085
2020-10-01 00:00:00+02:00;153164
2020-09-30 00:00:00+02:00;151605
2020-09-29 00:00:00+02:00;150722
2020-09-28 00:00:00+02:00;139054
2020-09-27 00:00:00+02:00;103231
2020-09-26 00:00:00+02:00;133824
2020-09-25 00:00:00+02:00;152818
2020-09-24 00:00:00+02:00;157278
2020-09-23 00:00:00+02:00;156014
2020-09-22 00:00:00+02:00;149027
2020-09-21 00:00:00+02:00;139473
2020-09-20 00:00:00+02:00;98331
2020-09-19 00:00:00+02:00;121113
2020-09-18 00:00:00+02:00;149510
2020-09-17 00:00:00+02:00;154363
2020-09-16 00:00:00+02:00;151121
2020-09-15 00:00:00+02:00;147582
2020-09-14 00:00:00+02:00;136580
2020-09-13 00:00:00+02:00;90762
2020-09-12 00:00:00+02:00;115875
2020-09-11 00:00:00+02:00;140446
2020-09-10 00:00:00+02:00;146725
2020-09-09 00:00:00+02:00;145584
2020-09-08 00:00:00+02:00;142108
2020-09-07 00:00:00+02:00;128981
2020-09-06 00:00:00+02:00;86142
2020-09-05 00:00:00+02:00;104578
2020-09-04 00:00:00+02:00;126798
2020-09-03 00:00:00+02:00;130446
2020-09-02 00:00:00+02:00;126641
2020-09-01 00:00:00+02:00;120918
2020-08-31 00:00:00+02:00;98784
2020-08-30 00:00:00+02:00;69452
2020-08-29 00:00:00+02:00;73870
2020-08-28 00:00:00+02:00;74454
2020-08-27 00:00:00+02:00;75458
2020-08-26 00:00:00+02:00;72580
2020-08-25 00:00:00+02:00;69711
2020-08-24 00:00:00+02:00;62287
2020-08-23 00:00:00+02:00;44388
2020-08-22 00:00:00+02:00;46725
2020-08-21 00:00:00+02:00;45187
2020-08-20 00:00:00+02:00;44820
2020-08-19 00:00:00+02:00;44345
2020-08-18 00:00:00+02:00;44158
2020-08-17 00:00:00+02:00;41339
2020-08-16 00:00:00+02:00;33706
2020-08-15 00:00:00+02:00;31283
2020-08-14 00:00:00+02:00;40932
2020-08-13 00:00:00+02:00;44275
2020-08-12 00:00:00+02:00;45919
2020-08-11 00:00:00+02:00;48363
2020-08-10 00:00:00+02:00;48994
2020-08-09 00:00:00+02:00;39865
2020-08-08 00:00:00+02:00;57495
2020-08-07 00:00:00+02:00;74056
2020-08-06 00:00:00+02:00;82489
2020-08-05 00:00:00+02:00;86781
2020-08-04 00:00:00+02:00;90058
2020-08-03 00:00:00+02:00;82564
2020-08-02 00:00:00+02:00;56391
2020-08-01 00:00:00+02:00;77978
2020-07-31 00:00:00+02:00;105607
2020-07-30 00:00:00+02:00;118250
2020-07-29 00:00:00+02:00;119128
2020-07-28 00:00:00+02:00;117806
2020-07-27 00:00:00+02:00;106697
2020-07-26 00:00:00+02:00;64390
2020-07-25 00:00:00+02:00;82278
2020-07-24 00:00:00+02:00;103358
2020-07-23 00:00:00+02:00;117732
2020-07-22 00:00:00+02:00;121835
2020-07-21 00:00:00+02:00;116509
2020-07-20 00:00:00+02:00;107219
2020-07-19 00:00:00+02:00;62714
2020-07-18 00:00:00+02:00;81922
2020-07-17 00:00:00+02:00;107800
2020-07-16 00:00:00+02:00;120091
2020-07-15 00:00:00+02:00;120961
2020-07-14 00:00:00+02:00;118541
2020-07-13 00:00:00+02:00;110510
2020-07-12 00:00:00+02:00;62766
2020-07-11 00:00:00+02:00;82242
2020-07-10 00:00:00+02:00;107819
2020-07-09 00:00:00+02:00;118603
2020-07-08 00:00:00+02:00;119116
2020-07-07 00:00:00+02:00;116607
2020-07-06 00:00:00+02:00;111713
2020-07-05 00:00:00+02:00;64215
2020-07-04 00:00:00+02:00;84069
2020-07-03 00:00:00+02:00;107612
2020-07-02 00:00:00+02:00;120430
2020-07-01 00:00:00+02:00;121578
2020-06-30 00:00:00+02:00;121396
2020-06-29 00:00:00+02:00;116090
2020-06-28 00:00:00+02:00;66485
2020-06-27 00:00:00+02:00;88400
2020-06-26 00:00:00+02:00;112803
2020-06-25 00:00:00+02:00;121928
2020-06-24 00:00:00+02:00;121573
2020-06-23 00:00:00+02:00;116655
2020-06-22 00:00:00+02:00;113841
2020-06-21 00:00:00+02:00;69167
2020-06-20 00:00:00+02:00;90952
2020-06-19 00:00:00+02:00;115006
2020-06-18 00:00:00+02:00;123193
2020-06-17 00:00:00+02:00;120591
2020-06-16 00:00:00+02:00;119296
2020-06-15 00:00:00+02:00;116926
2020-06-14 00:00:00+02:00;76442
2020-06-13 00:00:00+02:00;96219
2020-06-12 00:00:00+02:00;131517
2020-06-11 00:00:00+02:00;134714
2020-06-10 00:00:00+02:00;131729
2020-06-09 00:00:00+02:00;128728
2020-06-08 00:00:00+02:00;128524
2020-06-07 00:00:00+02:00;70653
2020-06-06 00:00:00+02:00;100743
2020-06-05 00:00:00+02:00;127268
2020-06-04 00:00:00+02:00;123914
2020-06-03 00:00:00+02:00;118119
2020-06-02 00:00:00+02:00;70115
2020-06-01 00:00:00+02:00;99187
2020-05-31 00:00:00+02:00;67241
2020-05-30 00:00:00+02:00;97283
2020-05-29 00:00:00+02:00;124235
2020-05-28 00:00:00+02:00;120965
2020-05-27 00:00:00+02:00;117404
2020-05-26 00:00:00+02:00;114877
2020-05-25 00:00:00+02:00;105434
2020-05-24 00:00:00+02:00;65120
2020-05-23 00:00:00+02:00;88479
2020-05-22 00:00:00+02:00;114168
2020-05-21 00:00:00+02:00;110431
2020-05-20 00:00:00+02:00;109041
2020-05-19 00:00:00+02:00;105288
2020-05-18 00:00:00+02:00;101822
2020-05-17 00:00:00+02:00;43280
2020-05-16 00:00:00+02:00;58424
2020-05-15 00:00:00+02:00;88582
2020-05-14 00:00:00+02:00;88245
2020-05-13 00:00:00+02:00;83052
2020-05-12 00:00:00+02:00;86598
2020-05-11 00:00:00+02:00;80119
2020-05-10 00:00:00+02:00;36740
2020-05-09 00:00:00+02:00;49545
2020-05-08 00:00:00+02:00;77403
2020-05-07 00:00:00+02:00;75096
2020-05-06 00:00:00+02:00;76190
2020-05-05 00:00:00+02:00;73155
2020-05-04 00:00:00+02:00;70660
2020-05-03 00:00:00+02:00;17816
2020-05-02 00:00:00+02:00;26930
2020-05-01 00:00:00+02:00;24097
2020-04-30 00:00:00+02:00;49564
2020-04-29 00:00:00+02:00;44980
2020-04-28 00:00:00+02:00;43026
2020-04-27 00:00:00+02:00;41397
2020-04-26 00:00:00+02:00;13680
2020-04-25 00:00:00+02:00;24152
2020-04-24 00:00:00+02:00;41103
2020-04-23 00:00:00+02:00;38962
2020-04-22 00:00:00+02:00;38981
2020-04-21 00:00:00+02:00;39047
2020-04-20 00:00:00+02:00;38038
2020-04-19 00:00:00+02:00;12647
2020-04-18 00:00:00+02:00;21306
2020-04-17 00:00:00+02:00;37300
2020-04-16 00:00:00+02:00;36787
2020-04-15 00:00:00+02:00;41442
2020-04-14 00:00:00+02:00;48361
2020-04-13 00:00:00+02:00;21914
2020-04-12 00:00:00+02:00;16590
2020-04-11 00:00:00+02:00;31383
2020-04-10 00:00:00+02:00;45503
2020-04-09 00:00:00+02:00;44320
2020-04-08 00:00:00+02:00;47826
2020-04-07 00:00:00+02:00;33983
2020-04-06 00:00:00+02:00;33841
2020-04-05 00:00:00+02:00;12179
2020-04-04 00:00:00+02:00;18901
2020-04-03 00:00:00+02:00;33326
2020-04-02 00:00:00+02:00;31319
2020-04-01 00:00:00+02:00;32412
2020-03-31 00:00:00+02:00;32370
2020-03-30 00:00:00+02:00;32642
2020-03-29 00:00:00+01:00;13078
2020-03-28 00:00:00+01:00;17786
2020-03-27 00:00:00+01:00;33586
2020-03-26 00:00:00+01:00;32350
2020-03-25 00:00:00+01:00;35269
2020-03-24 00:00:00+01:00;36339
2020-03-23 00:00:00+01:00;38383
2020-03-22 00:00:00+01:00;13601
2020-03-21 00:00:00+01:00;22641
2020-03-20 00:00:00+01:00;46103
2020-03-19 00:00:00+01:00;44680
2020-03-18 00:00:00+01:00;46948
2020-03-17 00:00:00+01:00;47569
2020-03-16 00:00:00+01:00;49946
2020-03-15 00:00:00+01:00;23792
2020-03-14 00:00:00+01:00;31755
2020-03-13 00:00:00+01:00;55654
2020-03-12 00:00:00+01:00;58452
2020-03-11 00:00:00+01:00;72874
2020-03-10 00:00:00+01:00;81263
2020-03-09 00:00:00+01:00;95263
2020-03-08 00:00:00+01:00;62084
2020-03-07 00:00:00+01:00;92919
2020-03-06 00:00:00+01:00;119181
2020-03-05 00:00:00+01:00;124203
2020-03-04 00:00:00+01:00;125104
2020-03-03 00:00:00+01:00;125969
2020-03-02 00:00:00+01:00;115067
2020-03-01 00:00:00+01:00;76762
2020-02-29 00:00:00+01:00;97128
2020-02-28 00:00:00+01:00;115391
2020-02-27 00:00:00+01:00;118219
2020-02-26 00:00:00+01:00;120868
2020-02-25 00:00:00+01:00;121882
2020-02-24 00:00:00+01:00;126466
2020-02-23 00:00:00+01:00;101321
2020-02-22 00:00:00+01:00;136330
2020-02-21 00:00:00+01:00;166635
2020-02-20 00:00:00+01:00;168728
2020-02-19 00:00:00+01:00;164131
2020-02-18 00:00:00+01:00;155438
2020-02-17 00:00:00+01:00;141153
2020-02-16 00:00:00+01:00;109325
2020-02-15 00:00:00+01:00;134234
2020-02-14 00:00:00+01:00;160455
2020-02-13 00:00:00+01:00;159268
2020-02-12 00:00:00+01:00;154523
2020-02-11 00:00:00+01:00;149500
2020-02-10 00:00:00+01:00;138717
2020-02-09 00:00:00+01:00;105809
2020-02-08 00:00:00+01:00;131662
2020-02-07 00:00:00+01:00;153008
2020-02-06 00:00:00+01:00;153464
2020-02-05 00:00:00+01:00;149773
2020-02-04 00:00:00+01:00;147062
2020-02-03 00:00:00+01:00;137631
2020-02-02 00:00:00+01:00;79986
2020-02-01 00:00:00+01:00;128397
2020-01-31 00:00:00+01:00;152933
2020-01-30 00:00:00+01:00;154233
2020-01-29 00:00:00+01:00;148847
2020-01-28 00:00:00+01:00;143817
2020-01-27 00:00:00+01:00;143368
2020-01-26 00:00:00+01:00;107222
2020-01-25 00:00:00+01:00;133625
2020-01-24 00:00:00+01:00;151895
2020-01-23 00:00:00+01:00;152894
2020-01-22 00:00:00+01:00;148606
2020-01-21 00:00:00+01:00;145881
2020-01-20 00:00:00+01:00;139354
2020-01-19 00:00:00+01:00;105930
2020-01-18 00:00:00+01:00;132431
2020-01-17 00:00:00+01:00;147611
2020-01-16 00:00:00+01:00;148769
2020-01-15 00:00:00+01:00;142983
2020-01-14 00:00:00+01:00;146323
2020-01-13 00:00:00+01:00;140455
2020-01-12 00:00:00+01:00;111889
2020-01-11 00:00:00+01:00;135515
2020-01-10 00:00:00+01:00;146442
2020-01-09 00:00:00+01:00;140400
2020-01-08 00:00:00+01:00;135314
2020-01-07 00:00:00+01:00;127221
2020-01-06 00:00:00+01:00;99461
2020-01-05 00:00:00+01:00;95889
2020-01-04 00:00:00+01:00;94752
2020-01-03 00:00:00+01:00;87964
2020-01-02 00:00:00+01:00;82305
2020-01-01 00:00:00+01:00;71815
2019-12-31 00:00:00+01:00;106931
2019-12-30 00:00:00+01:00;110264
2019-12-29 00:00:00+01:00;80190
2019-12-28 00:00:00+01:00;94813
2019-12-27 00:00:00+01:00;95228
2019-12-26 00:00:00+01:00;81230
2019-12-25 00:00:00+01:00;82216
2019-12-24 00:00:00+01:00;120397
2019-12-23 00:00:00+01:00;146602
2019-12-22 00:00:00+01:00;124103
2019-12-21 00:00:00+01:00;145194
2019-12-20 00:00:00+01:00;164443
2019-12-19 00:00:00+01:00;168400
2019-12-18 00:00:00+01:00;169178
2019-12-17 00:00:00+01:00;162484
2019-12-16 00:00:00+01:00;154347
2019-12-15 00:00:00+01:00;131580
2019-12-14 00:00:00+01:00;162992
2019-12-13 00:00:00+01:00;163583
2019-12-12 00:00:00+01:00;174637
2019-12-11 00:00:00+01:00;173513
2019-12-10 00:00:00+01:00;168881
2019-12-09 00:00:00+01:00;155474
2019-12-08 00:00:00+01:00;128666
2019-12-07 00:00:00+01:00;138460
2019-12-06 00:00:00+01:00;164197
2019-12-05 00:00:00+01:00;168636
2019-12-04 00:00:00+01:00;165823
2019-12-03 00:00:00+01:00;161813
2019-12-02 00:00:00+01:00;152728
2019-12-01 00:00:00+01:00;120325
2019-11-30 00:00:00+01:00;154840
2019-11-29 00:00:00+01:00;177581
2019-11-28 00:00:00+01:00;176466
2019-11-27 00:00:00+01:00;155449
2019-11-26 00:00:00+01:00;159806
2019-11-25 00:00:00+01:00;150432
2019-11-24 00:00:00+01:00;118729
2019-11-23 00:00:00+01:00;149771
2019-11-22 00:00:00+01:00;162352
2019-11-21 00:00:00+01:00;166979
2019-11-20 00:00:00+01:00;163412
2019-11-19 00:00:00+01:00;152481
2019-11-18 00:00:00+01:00;149803
2019-11-17 00:00:00+01:00;117953
2019-11-16 00:00:00+01:00;152696
2019-11-15 00:00:00+01:00;164676
2019-11-14 00:00:00+01:00;166127
2019-11-13 00:00:00+01:00;165147
2019-11-12 00:00:00+01:00;156111
2019-11-11 00:00:00+01:00;150962
2019-11-10 00:00:00+01:00;123058
2019-11-09 00:00:00+01:00;158640
2019-11-08 00:00:00+01:00;163558
2019-11-07 00:00:00+01:00;165138
2019-11-06 00:00:00+01:00;159146
2019-11-05 00:00:00+01:00;157265
2019-11-04 00:00:00+01:00;151027
2019-11-03 00:00:00+01:00;101028
2019-11-02 00:00:00+01:00;115803
2019-11-01 00:00:00+01:00;110935
2019-10-31 00:00:00+01:00;163505
2019-10-30 00:00:00+01:00;163858
2019-10-29 00:00:00+01:00;158466
2019-10-28 00:00:00+01:00;156170
2019-10-27 00:00:00+02:00;123608
2019-10-26 00:00:00+02:00;155736
2019-10-25 00:00:00+02:00;182335
2019-10-24 00:00:00+02:00;160215
2019-10-23 00:00:00+02:00;173164
2019-10-22 00:00:00+02:00;164742
2019-10-21 00:00:00+02:00;144754
2019-10-20 00:00:00+02:00;116921
2019-10-19 00:00:00+02:00;148202
2019-10-18 00:00:00+02:00;167815
2019-10-17 00:00:00+02:00;171891
2019-10-16 00:00:00+02:00;169037
2019-10-15 00:00:00+02:00;153276
2019-10-14 00:00:00+02:00;156752
2019-10-13 00:00:00+02:00;118896
2019-10-12 00:00:00+02:00;150442
2019-10-11 00:00:00+02:00;171910
2019-10-10 00:00:00+02:00;174317
2019-10-09 00:00:00+02:00;164094
2019-10-08 00:00:00+02:00;165643
2019-10-07 00:00:00+02:00;157619
2019-10-06 00:00:00+02:00;124232
2019-10-05 00:00:00+02:00;150770
2019-10-04 00:00:00+02:00;172182
2019-10-03 00:00:00+02:00;175292
2019-10-02 00:00:00+02:00;168090
2019-10-01 00:00:00+02:00;165912
2019-09-30 00:00:00+02:00;159080
2019-09-29 00:00:00+02:00;123799
2019-09-28 00:00:00+02:00;150971
2019-09-27 00:00:00+02:00;181015
2019-09-26 00:00:00+02:00;174435
2019-09-25 00:00:00+02:00;172263
2019-09-24 00:00:00+02:00;171783
2019-09-23 00:00:00+02:00;163150
2019-09-22 00:00:00+02:00;132005
2019-09-21 00:00:00+02:00;158720
2019-09-20 00:00:00+02:00;185443
2019-09-19 00:00:00+02:00;184643
2019-09-18 00:00:00+02:00;181038
2019-09-17 00:00:00+02:00;175126
2019-09-16 00:00:00+02:00;164003
2019-09-15 00:00:00+02:00;120577
2019-09-14 00:00:00+02:00;142146
2019-09-13 00:00:00+02:00;168637
2019-09-12 00:00:00+02:00;172760
2019-09-11 00:00:00+02:00;166883
2019-09-10 00:00:00+02:00;164742
2019-09-09 00:00:00+02:00;153902
2019-09-08 00:00:00+02:00;110049
2019-09-07 00:00:00+02:00;133129
2019-09-06 00:00:00+02:00;151285
2019-09-05 00:00:00+02:00;157183
2019-09-04 00:00:00+02:00;154162
2019-09-03 00:00:00+02:00;146920
2019-09-02 00:00:00+02:00;131354
2019-09-01 00:00:00+02:00;96371
2019-08-31 00:00:00+02:00;98695
2019-08-30 00:00:00+02:00;105968
2019-08-29 00:00:00+02:00;104245
2019-08-28 00:00:00+02:00;96813
2019-08-27 00:00:00+02:00;95607
2019-08-26 00:00:00+02:00;88918
2019-08-25 00:00:00+02:00;66160
2019-08-24 00:00:00+02:00;67049
2019-08-23 00:00:00+02:00;71358
2019-08-22 00:00:00+02:00;73285
2019-08-21 00:00:00+02:00;69252
2019-08-20 00:00:00+02:00;69713
2019-08-19 00:00:00+02:00;64989
2019-08-18 00:00:00+02:00;49109
2019-08-17 00:00:00+02:00;48941
2019-08-16 00:00:00+02:00;43495
2019-08-15 00:00:00+02:00;44435
2019-08-14 00:00:00+02:00;50591
2019-08-13 00:00:00+02:00;53713
2019-08-12 00:00:00+02:00;54177
2019-08-11 00:00:00+02:00;48379
2019-08-10 00:00:00+02:00;60762
2019-08-09 00:00:00+02:00;75030
2019-08-08 00:00:00+02:00;81722
2019-08-07 00:00:00+02:00;85606
2019-08-06 00:00:00+02:00;90615
2019-08-05 00:00:00+02:00;88572
2019-08-04 00:00:00+02:00;66371
2019-08-03 00:00:00+02:00;88558
2019-08-02 00:00:00+02:00;117172
2019-08-01 00:00:00+02:00;133046
2019-07-31 00:00:00+02:00;138636
2019-07-30 00:00:00+02:00;136805
2019-07-29 00:00:00+02:00;130423
2019-07-28 00:00:00+02:00;88998
2019-07-27 00:00:00+02:00;102809
2019-07-26 00:00:00+02:00;137833
2019-07-25 00:00:00+02:00;155043
2019-07-24 00:00:00+02:00;163682
2019-07-23 00:00:00+02:00;155724
2019-07-22 00:00:00+02:00;143260
2019-07-21 00:00:00+02:00;84859
2019-07-20 00:00:00+02:00;103757
2019-07-19 00:00:00+02:00;141496
2019-07-18 00:00:00+02:00;159703
2019-07-17 00:00:00+02:00;155985
2019-07-16 00:00:00+02:00;152636
2019-07-15 00:00:00+02:00;139003
2019-07-14 00:00:00+02:00;88893
2019-07-13 00:00:00+02:00;107332
2019-07-12 00:00:00+02:00;145389
2019-07-11 00:00:00+02:00;171630
2019-07-10 00:00:00+02:00;160255
2019-07-09 00:00:00+02:00;156960
2019-07-08 00:00:00+02:00;146980
2019-07-07 00:00:00+02:00;95631
2019-07-06 00:00:00+02:00;115322
2019-07-05 00:00:00+02:00;148967
2019-07-04 00:00:00+02:00;161263
2019-07-03 00:00:00+02:00;158509
2019-07-02 00:00:00+02:00;154608
2019-07-01 00:00:00+02:00;145530
2019-06-30 00:00:00+02:00;89996
2019-06-29 00:00:00+02:00;114461
2019-06-28 00:00:00+02:00;152156
2019-06-27 00:00:00+02:00;163745
2019-06-26 00:00:00+02:00;165231
2019-06-25 00:00:00+02:00;159828
2019-06-24 00:00:00+02:00;150423
2019-06-23 00:00:00+02:00;96611
2019-06-22 00:00:00+02:00;117742
2019-06-21 00:00:00+02:00;155212
2019-06-20 00:00:00+02:00;168615
2019-06-19 00:00:00+02:00;162977
2019-06-18 00:00:00+02:00;162322
2019-06-17 00:00:00+02:00;154268
2019-06-16 00:00:00+02:00;105633
2019-06-15 00:00:00+02:00;130751
2019-06-14 00:00:00+02:00;164161
2019-06-13 00:00:00+02:00;172087
2019-06-12 00:00:00+02:00;164008
2019-06-11 00:00:00+02:00;163187
2019-06-10 00:00:00+02:00;153835
2019-06-09 00:00:00+02:00;110111
2019-06-08 00:00:00+02:00;131555
2019-06-07 00:00:00+02:00;163809
2019-06-06 00:00:00+02:00;170227
2019-06-05 00:00:00+02:00;164822
2019-06-04 00:00:00+02:00;161590
2019-06-03 00:00:00+02:00;152767
2019-06-02 00:00:00+02:00;106580
2019-06-01 00:00:00+02:00;128833
2019-05-31 00:00:00+02:00;164099
2019-05-30 00:00:00+02:00;168670
2019-05-29 00:00:00+02:00;166118
2019-05-28 00:00:00+02:00;158810
2019-05-27 00:00:00+02:00;146641
2019-05-26 00:00:00+02:00;118894
2019-05-25 00:00:00+02:00;141335
2019-05-24 00:00:00+02:00;171464
2019-05-23 00:00:00+02:00;169727
2019-05-22 00:00:00+02:00;163661
2019-05-21 00:00:00+02:00;161977
2019-05-20 00:00:00+02:00;146861
2019-05-19 00:00:00+02:00;114371
2019-05-18 00:00:00+02:00;147459
2019-05-17 00:00:00+02:00;171395
2019-05-16 00:00:00+02:00;170273
2019-05-15 00:00:00+02:00;164756
2019-05-14 00:00:00+02:00;163314
2019-05-13 00:00:00+02:00;154920
2019-05-12 00:00:00+02:00;113894
2019-05-11 00:00:00+02:00;140974
2019-05-10 00:00:00+02:00;171624
2019-05-09 00:00:00+02:00;170840
2019-05-08 00:00:00+02:00;161285
2019-05-07 00:00:00+02:00;167868
2019-05-06 00:00:00+02:00;154473
2019-05-05 00:00:00+02:00;113092
2019-05-04 00:00:00+02:00;143728
2019-05-03 00:00:00+02:00;151766
2019-05-02 00:00:00+02:00;148535
2019-05-01 00:00:00+02:00;112465
2019-04-30 00:00:00+02:00;147166
2019-04-29 00:00:00+02:00;132544
2019-04-28 00:00:00+02:00;96191
2019-04-27 00:00:00+02:00;109055
2019-04-26 00:00:00+02:00;101029
2019-04-25 00:00:00+02:00;83249
2019-04-24 00:00:00+02:00;106679
2019-04-23 00:00:00+02:00;103512
2019-04-22 00:00:00+02:00;75760
2019-04-21 00:00:00+02:00;67805
2019-04-20 00:00:00+02:00;98372
2019-04-19 00:00:00+02:00;134920
2019-04-18 00:00:00+02:00;160661
2019-04-17 00:00:00+02:00;167657
2019-04-16 00:00:00+02:00;166969
2019-04-15 00:00:00+02:00;158473
2019-04-14 00:00:00+02:00;128079
2019-04-13 00:00:00+02:00;171877
2019-04-12 00:00:00+02:00;182748
2019-04-11 00:00:00+02:00;175425
2019-04-10 00:00:00+02:00;180839
2019-04-09 00:00:00+02:00;179501
2019-04-08 00:00:00+02:00;167655
2019-04-07 00:00:00+02:00;123586
2019-04-06 00:00:00+02:00;158979
2019-04-05 00:00:00+02:00;172727
2019-04-04 00:00:00+02:00;159611
2019-04-03 00:00:00+02:00;160545
2019-04-02 00:00:00+02:00;163059
2019-04-01 00:00:00+02:00;149460
2019-03-31 00:00:00+01:00;118005
2019-03-30 00:00:00+01:00;143059
2019-03-29 00:00:00+01:00;164607
2019-03-28 00:00:00+01:00;166576
2019-03-27 00:00:00+01:00;162031
2019-03-26 00:00:00+01:00;158498
2019-03-25 00:00:00+01:00;149762
2019-03-24 00:00:00+01:00;109508
2019-03-23 00:00:00+01:00;142189
2019-03-22 00:00:00+01:00;160984
2019-03-21 00:00:00+01:00;163365
2019-03-20 00:00:00+01:00;158694
2019-03-19 00:00:00+01:00;155636
2019-03-18 00:00:00+01:00;147821
2019-03-17 00:00:00+01:00;111748
2019-03-16 00:00:00+01:00;143536
2019-03-15 00:00:00+01:00;163336
2019-03-14 00:00:00+01:00;163367
2019-03-13 00:00:00+01:00;157914
2019-03-12 00:00:00+01:00;152549
2019-03-11 00:00:00+01:00;146702
2019-03-10 00:00:00+01:00;110026
2019-03-09 00:00:00+01:00;130234
2019-03-08 00:00:00+01:00;159224
2019-03-07 00:00:00+01:00;147731
2019-03-06 00:00:00+01:00;150419
2019-03-05 00:00:00+01:00;147302
2019-03-04 00:00:00+01:00;133736
2019-03-03 00:00:00+01:00;111402
2019-03-02 00:00:00+01:00;136590
2019-03-01 00:00:00+01:00;154008
2019-02-28 00:00:00+01:00;159033
2019-02-27 00:00:00+01:00;154109
2019-02-26 00:00:00+01:00;151283
2019-02-25 00:00:00+01:00;144319
2019-02-24 00:00:00+01:00;122929
2019-02-23 00:00:00+01:00;150096
2019-02-22 00:00:00+01:00;166819
2019-02-21 00:00:00+01:00;167978
2019-02-20 00:00:00+01:00;160603
2019-02-19 00:00:00+01:00;155190
2019-02-18 00:00:00+01:00;142853
2019-02-17 00:00:00+01:00;111675
2019-02-16 00:00:00+01:00;133282
2019-02-15 00:00:00+01:00;153947
2019-02-14 00:00:00+01:00;160702
2019-02-13 00:00:00+01:00;153540
2019-02-12 00:00:00+01:00;150152
2019-02-11 00:00:00+01:00;144081
2019-02-10 00:00:00+01:00;103631
2019-02-09 00:00:00+01:00;133704
2019-02-08 00:00:00+01:00;152304
2019-02-07 00:00:00+01:00;157123
2019-02-06 00:00:00+01:00;151387
2019-02-05 00:00:00+01:00;147673
2019-02-04 00:00:00+01:00;138114
2019-02-03 00:00:00+01:00;108397
2019-02-02 00:00:00+01:00;131716
2019-02-01 00:00:00+01:00;140983
2019-01-31 00:00:00+01:00;147673
2019-01-30 00:00:00+01:00;138755
2019-01-29 00:00:00+01:00;144680
2019-01-28 00:00:00+01:00;137715
2019-01-27 00:00:00+01:00;103423
2019-01-26 00:00:00+01:00;136175
2019-01-25 00:00:00+01:00;152401
2019-01-24 00:00:00+01:00;153064
2019-01-23 00:00:00+01:00;147851
2019-01-22 00:00:00+01:00;147393
2019-01-21 00:00:00+01:00;141439
2019-01-20 00:00:00+01:00;111452
2019-01-19 00:00:00+01:00;138252
2019-01-18 00:00:00+01:00;151396
2019-01-17 00:00:00+01:00;150723
2019-01-16 00:00:00+01:00;152743
2019-01-15 00:00:00+01:00;149678
2019-01-14 00:00:00+01:00;143736
2019-01-13 00:00:00+01:00;118058
2019-01-12 00:00:00+01:00;144936
2019-01-11 00:00:00+01:00;154301
2019-01-10 00:00:00+01:00;149184
2019-01-09 00:00:00+01:00;140838
2019-01-08 00:00:00+01:00;134709
2019-01-07 00:00:00+01:00;125543
2019-01-06 00:00:00+01:00;108185
2019-01-05 00:00:00+01:00;109846
2019-01-04 00:00:00+01:00;96224
2019-01-03 00:00:00+01:00;93362
2019-01-02 00:00:00+01:00;84873
2019-01-01 00:00:00+01:00;69888
