stazione_id;data;inquinante;valore
"2";2024-12-24;C6H6;0.5
"2";2024-12-24;NO2;52
"2";2024-12-24;O3;76
"2";2024-12-24;PM10;6
"2";2024-12-24;PM25;3
"2";2024-12-24;SO2;5
"3";2024-12-24;NO2;78
"4";2024-12-24;C6H6;0.5
"4";2024-12-24;CO_8h;0.9
"4";2024-12-24;NO2;59
"4";2024-12-24;PM10;13
"4";2024-12-24;PM25;8
"6";2024-12-24;C6H6;0.5
"6";2024-12-24;CO_8h;0.7
"6";2024-12-24;NO2;93
"6";2024-12-24;PM10;12
"6";2024-12-24;PM25;6
"7";2024-12-24;NO2;89
"7";2024-12-24;O3;61
"7";2024-12-24;PM10;14
"2";2024-12-23;C6H6;2.4
"2";2024-12-23;NO2;48
"2";2024-12-23;O3;5
"2";2024-12-23;PM10;39
"2";2024-12-23;PM25;29
"2";2024-12-23;SO2;6
"3";2024-12-23;NO2;66
"4";2024-12-23;C6H6;2.7
"4";2024-12-23;CO_8h;1.4
"4";2024-12-23;NO2;61
"4";2024-12-23;PM10;51
"4";2024-12-23;PM25;37
"6";2024-12-23;C6H6;3.3
"6";2024-12-23;CO_8h;1
"6";2024-12-23;NO2;91
"6";2024-12-23;PM10;40
"6";2024-12-23;PM25;28
"7";2024-12-23;NO2;79
"7";2024-12-23;O3;4
"7";2024-12-23;PM10;44
"2";2024-12-20;C6H6;2.4
"2";2024-12-20;NO2;26
"2";2024-12-20;O3;5
"2";2024-12-20;PM10;31
"2";2024-12-20;PM25;21
"2";2024-12-20;SO2;6
"3";2024-12-20;NO2;51
"4";2024-12-20;C6H6;2.8
"4";2024-12-20;CO_8h;1.6
"4";2024-12-20;NO2;44
"4";2024-12-20;PM10;46
"4";2024-12-20;PM25;40
"6";2024-12-20;C6H6;3.3
"6";2024-12-20;CO_8h;1.1
"6";2024-12-20;NO2;54
"6";2024-12-20;PM10;30
"6";2024-12-20;PM25;24
"7";2024-12-20;NO2;50
"7";2024-12-20;O3;3
"7";2024-12-20;PM10;37
"2";2024-12-19;C6H6;3.4
"2";2024-12-19;NO2;38
"2";2024-12-19;O3;5
"2";2024-12-19;PM10;53
"2";2024-12-19;PM25;35
"2";2024-12-19;SO2;7
"3";2024-12-19;NO2;58
"4";2024-12-19;C6H6;3.1
"4";2024-12-19;CO_8h;1.6
"4";2024-12-19;NO2;52
"4";2024-12-19;PM10;61
"4";2024-12-19;PM25;47
"6";2024-12-19;C6H6;4.7
"6";2024-12-19;CO_8h;1.2
"6";2024-12-19;NO2;58
"6";2024-12-19;PM10;53
"6";2024-12-19;PM25;40
"7";2024-12-19;NO2;61
"7";2024-12-19;O3;2
"7";2024-12-19;PM10;53
"2";2024-12-18;C6H6;4.7
"2";2024-12-18;NO2;102
"2";2024-12-18;O3;35
"2";2024-12-18;PM10;64
"2";2024-12-18;PM25;41
"2";2024-12-18;SO2;11
"3";2024-12-18;NO2;147
"4";2024-12-18;C6H6;3.8
"4";2024-12-18;CO_8h;3.7
"4";2024-12-18;NO2;74
"4";2024-12-18;PM10;70
"4";2024-12-18;PM25;45
"6";2024-12-18;C6H6;6.4
"6";2024-12-18;CO_8h;2
"6";2024-12-18;NO2;107
"6";2024-12-18;PM10;
"6";2024-12-18;PM25;
"7";2024-12-18;NO2;121
"7";2024-12-18;O3;23
"7";2024-12-18;PM10;64
"2";2024-12-17;C6H6;4.4
"2";2024-12-17;NO2;82
"2";2024-12-17;O3;5
"2";2024-12-17;PM10;66
"2";2024-12-17;PM25;40
"2";2024-12-17;SO2;9
"3";2024-12-17;NO2;110
"4";2024-12-17;C6H6;4.5
"4";2024-12-17;CO_8h;3.7
"4";2024-12-17;NO2;97
"4";2024-12-17;PM10;82
"4";2024-12-17;PM25;54
"6";2024-12-17;C6H6;6.3
"6";2024-12-17;CO_8h;1.9
"6";2024-12-17;NO2;103
"6";2024-12-17;PM10;56
"6";2024-12-17;PM25;60
"7";2024-12-17;NO2;93
"7";2024-12-17;O3;3
"7";2024-12-17;PM10;61
"2";2024-12-16;C6H6;2.5
"2";2024-12-16;NO2;20
"2";2024-12-16;O3;11
"2";2024-12-16;PM10;39
"2";2024-12-16;PM25;29
"2";2024-12-16;SO2;6
"3";2024-12-16;NO2;48
"4";2024-12-16;C6H6;2.3
"4";2024-12-16;CO_8h;1.2
"4";2024-12-16;NO2;43
"4";2024-12-16;PM10;48
"4";2024-12-16;PM25;42
"6";2024-12-16;C6H6;3.2
"6";2024-12-16;CO_8h;1.1
"6";2024-12-16;NO2;57
"6";2024-12-16;PM10;41
"6";2024-12-16;PM25;35
"7";2024-12-16;NO2;56
"7";2024-12-16;O3;5
"7";2024-12-16;PM10;43
"2";2024-12-13;C6H6;2.4
"2";2024-12-13;NO2;37
"2";2024-12-13;O3;16
"2";2024-12-13;PM10;45
"2";2024-12-13;PM25;27
"2";2024-12-13;SO2;7
"3";2024-12-13;NO2;84
"4";2024-12-13;C6H6;3.2
"4";2024-12-13;CO_8h;2.1
"4";2024-12-13;NO2;64
"4";2024-12-13;PM10;64
"4";2024-12-13;PM25;45
"6";2024-12-13;C6H6;3.7
"6";2024-12-13;CO_8h;1.1
"6";2024-12-13;NO2;58
"6";2024-12-13;PM10;46
"6";2024-12-13;PM25;24
"7";2024-12-13;NO2;60
"7";2024-12-13;O3;8
"7";2024-12-13;PM10;47
"2";2024-12-12;C6H6;2.7
"2";2024-12-12;NO2;43
"2";2024-12-12;O3;38
"2";2024-12-12;PM10;38
"2";2024-12-12;PM25;26
"2";2024-12-12;SO2;7
"3";2024-12-12;NO2;75
"4";2024-12-12;C6H6;4.4
"4";2024-12-12;CO_8h;1.9
"4";2024-12-12;NO2;92
"4";2024-12-12;PM10;49
"4";2024-12-12;PM25;29
"6";2024-12-12;C6H6;3.7
"6";2024-12-12;CO_8h;1
"6";2024-12-12;NO2;76
"6";2024-12-12;PM10;37
"6";2024-12-12;PM25;24
"7";2024-12-12;NO2;82
"7";2024-12-12;O3;27
"7";2024-12-12;PM10;34
"2";2024-12-11;C6H6;2.3
"2";2024-12-11;NO2;40
"2";2024-12-11;O3;19
"2";2024-12-11;PM10;41
"2";2024-12-11;PM25;29
"2";2024-12-11;SO2;6
"3";2024-12-11;NO2;65
"4";2024-12-11;C6H6;3.1
"4";2024-12-11;CO_8h;1.3
"4";2024-12-11;NO2;80
"4";2024-12-11;PM10;50
"4";2024-12-11;PM25;36
"6";2024-12-11;C6H6;3.3
"6";2024-12-11;CO_8h;0.9
"6";2024-12-11;NO2;71
"6";2024-12-11;PM10;42
"6";2024-12-11;PM25;27
"7";2024-12-11;NO2;71
"7";2024-12-11;O3;12
"7";2024-12-11;PM10;40
"2";2024-12-10;C6H6;1.1
"2";2024-12-10;NO2;38
"2";2024-12-10;O3;36
"2";2024-12-10;PM10;22
"2";2024-12-10;PM25;14
"2";2024-12-10;SO2;5
"3";2024-12-10;NO2;62
"4";2024-12-10;C6H6;1.7
"4";2024-12-10;CO_8h;1
"4";2024-12-10;NO2;70
"4";2024-12-10;PM10;27
"4";2024-12-10;PM25;18
"6";2024-12-10;C6H6;1.5
"6";2024-12-10;CO_8h;0.5
"6";2024-12-10;NO2;61
"6";2024-12-10;PM10;21
"6";2024-12-10;PM25;
"7";2024-12-10;NO2;59
"7";2024-12-10;O3;40
"7";2024-12-10;PM10;19
"2";2024-12-09;C6H6;1.5
"2";2024-12-09;NO2;28
"2";2024-12-09;O3;24
"2";2024-12-09;PM10;34
"2";2024-12-09;PM25;26
"2";2024-12-09;SO2;5
"3";2024-12-09;NO2;53
"4";2024-12-09;C6H6;2
"4";2024-12-09;CO_8h;0.9
"4";2024-12-09;NO2;53
"4";2024-12-09;PM10;42
"4";2024-12-09;PM25;35
"6";2024-12-09;C6H6;1.8
"6";2024-12-09;CO_8h;0.6
"6";2024-12-09;NO2;51
"6";2024-12-09;PM10;30
"6";2024-12-09;PM25;22
"7";2024-12-09;NO2;51
"7";2024-12-09;O3;26
"7";2024-12-09;PM10;36
"2";2024-12-06;C6H6;2.9
"2";2024-12-06;NO2;72
"2";2024-12-06;O3;34
"2";2024-12-06;PM10;42
"2";2024-12-06;PM25;26
"2";2024-12-06;SO2;7
"3";2024-12-06;NO2;90
"4";2024-12-06;C6H6;4.8
"4";2024-12-06;CO_8h;2.2
"4";2024-12-06;NO2;81
"4";2024-12-06;PM10;59
"4";2024-12-06;PM25;37
"6";2024-12-06;C6H6;3.3
"6";2024-12-06;CO_8h;1
"6";2024-12-06;NO2;67
"6";2024-12-06;PM10;37
"6";2024-12-06;PM25;17
"7";2024-12-06;NO2;76
"7";2024-12-06;O3;22
"7";2024-12-06;PM10;42
"2";2024-12-05;C6H6;3.1
"2";2024-12-05;NO2;81
"2";2024-12-05;O3;43
"2";2024-12-05;PM10;50
"2";2024-12-05;PM25;32
"2";2024-12-05;SO2;8
"3";2024-12-05;NO2;97
"4";2024-12-05;C6H6;4.8
"4";2024-12-05;CO_8h;2
"4";2024-12-05;NO2;95
"4";2024-12-05;PM10;65
"4";2024-12-05;PM25;43
"6";2024-12-05;C6H6;4.1
"6";2024-12-05;CO_8h;1.1
"6";2024-12-05;NO2;88
"6";2024-12-05;PM10;46
"6";2024-12-05;PM25;24
"7";2024-12-05;NO2;115
"7";2024-12-05;O3;34
"7";2024-12-05;PM10;54
"2";2024-12-04;C6H6;3.4
"2";2024-12-04;NO2;
"2";2024-12-04;O3;21
"2";2024-12-04;PM10;59
"2";2024-12-04;PM25;43
"2";2024-12-04;SO2;8
"3";2024-12-04;NO2;90
"4";2024-12-04;C6H6;5.7
"4";2024-12-04;CO_8h;2.3
"4";2024-12-04;NO2;103
"4";2024-12-04;PM10;77
"4";2024-12-04;PM25;52
"6";2024-12-04;C6H6;5
"6";2024-12-04;CO_8h;1.5
"6";2024-12-04;NO2;102
"6";2024-12-04;PM10;61
"6";2024-12-04;PM25;44
"7";2024-12-04;NO2;99
"7";2024-12-04;O3;15
"7";2024-12-04;PM10;63
"2";2024-12-03;C6H6;3.9
"2";2024-12-03;NO2;
"2";2024-12-03;O3;15
"2";2024-12-03;PM10;55
"2";2024-12-03;PM25;37
"2";2024-12-03;SO2;8
"3";2024-12-03;NO2;103
"4";2024-12-03;C6H6;5.9
"4";2024-12-03;CO_8h;2.2
"4";2024-12-03;NO2;94
"4";2024-12-03;PM10;70
"4";2024-12-03;PM25;50
"6";2024-12-03;C6H6;4.5
"6";2024-12-03;CO_8h;1.6
"6";2024-12-03;NO2;80
"6";2024-12-03;PM10;54
"6";2024-12-03;PM25;31
"7";2024-12-03;NO2;85
"7";2024-12-03;O3;6
"7";2024-12-03;PM10;54
"2";2024-12-02;C6H6;2.5
"2";2024-12-02;NO2;43
"2";2024-12-02;O3;16
"2";2024-12-02;PM10;42
"2";2024-12-02;PM25;27
"2";2024-12-02;SO2;6
"3";2024-12-02;NO2;64
"4";2024-12-02;C6H6;3.2
"4";2024-12-02;CO_8h;1.3
"4";2024-12-02;NO2;61
"4";2024-12-02;PM10;48
"4";2024-12-02;PM25;35
"6";2024-12-02;C6H6;2.9
"6";2024-12-02;CO_8h;1.6
"6";2024-12-02;NO2;50
"6";2024-12-02;PM10;38
"6";2024-12-02;PM25;31
"7";2024-12-02;NO2;54
"7";2024-12-02;O3;9
"7";2024-12-02;PM10;41
"2";2024-11-28;C6H6;2.2
"2";2024-11-28;NO2;40
"2";2024-11-28;O3;9
"2";2024-11-28;PM10;43
"2";2024-11-28;PM25;29
"2";2024-11-28;SO2;5
"3";2024-11-28;NO2;44
"4";2024-11-28;C6H6;2.7
"4";2024-11-28;CO_8h;1.8
"4";2024-11-28;NO2;45
"4";2024-11-28;PM10;
"4";2024-11-28;PM25;39
"6";2024-11-28;C6H6;3
"6";2024-11-28;CO_8h;0.8
"6";2024-11-28;NO2;44
"6";2024-11-28;PM10;45
"6";2024-11-28;PM25;32
"7";2024-11-28;NO2;44
"7";2024-11-28;O3;7
"7";2024-11-28;PM10;42
"2";2024-11-27;C6H6;2
"2";2024-11-27;NO2;44
"2";2024-11-27;O3;3
"2";2024-11-27;PM10;27
"2";2024-11-27;PM25;20
"2";2024-11-27;SO2;5
"3";2024-11-27;NO2;42
"4";2024-11-27;C6H6;2.7
"4";2024-11-27;CO_8h;1.8
"4";2024-11-27;NO2;53
"4";2024-11-27;PM10;
"4";2024-11-27;PM25;28
"6";2024-11-27;C6H6;2.8
"6";2024-11-27;CO_8h;0.7
"6";2024-11-27;NO2;51
"6";2024-11-27;PM10;27
"6";2024-11-27;PM25;15
"7";2024-11-27;NO2;52
"7";2024-11-27;O3;3
"7";2024-11-27;PM10;26
"2";2024-11-26;C6H6;1.5
"2";2024-11-26;NO2;52
"2";2024-11-26;O3;30
"2";2024-11-26;PM10;29
"2";2024-11-26;PM25;19
"2";2024-11-26;SO2;8
"3";2024-11-26;NO2;43
"4";2024-11-26;C6H6;1.7
"4";2024-11-26;CO_8h;1.4
"4";2024-11-26;NO2;50
"4";2024-11-26;PM10;32
"4";2024-11-26;PM25;22
"6";2024-11-26;C6H6;1.9
"6";2024-11-26;CO_8h;0.7
"6";2024-11-26;NO2;52
"6";2024-11-26;PM10;30
"6";2024-11-26;PM25;14
"7";2024-11-26;NO2;51
"7";2024-11-26;O3;27
"7";2024-11-26;PM10;29
"2";2024-11-25;C6H6;1.4
"2";2024-11-25;NO2;65
"2";2024-11-25;O3;41
"2";2024-11-25;PM10;22
"2";2024-11-25;PM25;16
"2";2024-11-25;SO2;8
"3";2024-11-25;NO2;68
"4";2024-11-25;C6H6;0
"4";2024-11-25;CO_8h;1.6
"4";2024-11-25;NO2;62
"4";2024-11-25;PM10;28
"4";2024-11-25;PM25;18
"6";2024-11-25;C6H6;1.7
"6";2024-11-25;CO_8h;0.9
"6";2024-11-25;NO2;62
"6";2024-11-25;PM10;23
"6";2024-11-25;PM25;12
"7";2024-11-25;NO2;67
"7";2024-11-25;O3;33
"7";2024-11-25;PM10;24
"2";2024-11-22;C6H6;1
"2";2024-11-22;NO2;68
"2";2024-11-22;O3;43
"2";2024-11-22;PM10;15
"2";2024-11-22;PM25;6
"2";2024-11-22;SO2;6
"3";2024-11-22;NO2;72
"4";2024-11-22;C6H6;0
"4";2024-11-22;CO_8h;1.4
"4";2024-11-22;NO2;88
"4";2024-11-22;PM10;22
"4";2024-11-22;PM25;8
"6";2024-11-22;C6H6;1.4
"6";2024-11-22;CO_8h;0.5
"6";2024-11-22;NO2;80
"6";2024-11-22;PM10;16
"6";2024-11-22;PM25;5
"7";2024-11-22;NO2;86
"7";2024-11-22;O3;36
"7";2024-11-22;PM10;18
"2";2024-11-21;C6H6;1.7
"2";2024-11-21;NO2;69
"2";2024-11-21;O3;66
"2";2024-11-21;PM10;31
"2";2024-11-21;PM25;21
"2";2024-11-21;SO2;6
"3";2024-11-21;NO2;85
"4";2024-11-21;C6H6;0
"4";2024-11-21;CO_8h;1.8
"4";2024-11-21;NO2;83
"4";2024-11-21;PM10;45
"4";2024-11-21;PM25;45
"6";2024-11-21;C6H6;2.6
"6";2024-11-21;CO_8h;1.1
"6";2024-11-21;NO2;71
"6";2024-11-21;PM10;36
"6";2024-11-21;PM25;19
"7";2024-11-21;NO2;70
"7";2024-11-21;O3;52
"7";2024-11-21;PM10;40
"2";2024-11-20;C6H6;3.5
"2";2024-11-20;NO2;46
"2";2024-11-20;O3;4
"2";2024-11-20;PM10;72
"2";2024-11-20;PM25;49
"2";2024-11-20;SO2;6
"3";2024-11-20;NO2;78
"4";2024-11-20;C6H6;2.2
"4";2024-11-20;CO_8h;2.1
"4";2024-11-20;NO2;59
"4";2024-11-20;PM10;97
"4";2024-11-20;PM25;67
"6";2024-11-20;C6H6;4.9
"6";2024-11-20;CO_8h;1.2
"6";2024-11-20;NO2;57
"6";2024-11-20;PM10;75
"6";2024-11-20;PM25;47
"7";2024-11-20;NO2;65
"7";2024-11-20;O3;2
"7";2024-11-20;PM10;81
"2";2024-11-19;C6H6;2.2
"2";2024-11-19;NO2;51
"2";2024-11-19;O3;13
"2";2024-11-19;PM10;79
"2";2024-11-19;PM25;51
"2";2024-11-19;SO2;6
"3";2024-11-19;NO2;65
"4";2024-11-19;C6H6;1.4
"4";2024-11-19;CO_8h;2
"4";2024-11-19;NO2;71
"4";2024-11-19;PM10;90
"4";2024-11-19;PM25;65
"6";2024-11-19;C6H6;3.2
"6";2024-11-19;CO_8h;1
"6";2024-11-19;NO2;67
"6";2024-11-19;PM10;71
"6";2024-11-19;PM25;
"7";2024-11-19;NO2;70
"7";2024-11-19;O3;10
"7";2024-11-19;PM10;83
"2";2024-11-18;C6H6;2.3
"2";2024-11-18;NO2;52
"2";2024-11-18;O3;33
"2";2024-11-18;PM10;53
"2";2024-11-18;PM25;37
"2";2024-11-18;SO2;5
"3";2024-11-18;NO2;58
"4";2024-11-18;C6H6;1.3
"4";2024-11-18;CO_8h;1.6
"4";2024-11-18;NO2;65
"4";2024-11-18;PM10;61
"4";2024-11-18;PM25;47
"6";2024-11-18;C6H6;3
"6";2024-11-18;CO_8h;0.9
"6";2024-11-18;NO2;59
"6";2024-11-18;PM10;44
"6";2024-11-18;PM25;42
"7";2024-11-18;NO2;62
"7";2024-11-18;O3;27
"7";2024-11-18;PM10;60
"2";2024-11-15;C6H6;2.1
"2";2024-11-15;NO2;59
"2";2024-11-15;O3;52
"2";2024-11-15;PM10;42
"2";2024-11-15;PM25;25
"2";2024-11-15;SO2;6
"3";2024-11-15;NO2;81
"4";2024-11-15;C6H6;1.5
"4";2024-11-15;CO_8h;2.2
"4";2024-11-15;NO2;81
"4";2024-11-15;PM10;57
"4";2024-11-15;PM25;33
"6";2024-11-15;C6H6;2.7
"6";2024-11-15;CO_8h;0.7
"6";2024-11-15;NO2;70
"6";2024-11-15;PM10;34
"6";2024-11-15;PM25;28
"7";2024-11-15;NO2;74
"7";2024-11-15;O3;49
"7";2024-11-15;PM10;39
"2";2024-11-13;C6H6;1.8
"2";2024-11-13;NO2;67
"2";2024-11-13;O3;54
"2";2024-11-13;PM10;36
"2";2024-11-13;PM25;23
"2";2024-11-13;SO2;6
"3";2024-11-13;NO2;82
"4";2024-11-13;C6H6;1.4
"4";2024-11-13;CO_8h;2
"4";2024-11-13;NO2;82
"4";2024-11-13;PM10;50
"4";2024-11-13;PM25;28
"6";2024-11-13;C6H6;2.8
"6";2024-11-13;CO_8h;0.8
"6";2024-11-13;NO2;74
"6";2024-11-13;PM10;
"6";2024-11-13;PM25;
"7";2024-11-13;NO2;77
"7";2024-11-13;O3;42
"7";2024-11-13;PM10;36
"2";2024-11-12;C6H6;3.1
"2";2024-11-12;NO2;68
"2";2024-11-12;O3;52
"2";2024-11-12;PM10;48
"2";2024-11-12;PM25;31
"2";2024-11-12;SO2;8
"3";2024-11-12;NO2;87
"4";2024-11-12;C6H6;2.2
"4";2024-11-12;CO_8h;2.5
"4";2024-11-12;NO2;85
"4";2024-11-12;PM10;59
"4";2024-11-12;PM25;38
"6";2024-11-12;C6H6;3.8
"6";2024-11-12;CO_8h;1.3
"6";2024-11-12;NO2;81
"6";2024-11-12;PM10;
"6";2024-11-12;PM25;
"7";2024-11-12;NO2;87
"7";2024-11-12;O3;42
"7";2024-11-12;PM10;
"2";2024-11-11;C6H6;2.4
"2";2024-11-11;NO2;45
"2";2024-11-11;O3;26
"2";2024-11-11;PM10;46
"2";2024-11-11;PM25;34
"2";2024-11-11;SO2;6
"3";2024-11-11;NO2;55
"4";2024-11-11;C6H6;1.9
"4";2024-11-11;CO_8h;2.4
"4";2024-11-11;NO2;75
"4";2024-11-11;PM10;69
"4";2024-11-11;PM25;50
"6";2024-11-11;C6H6;3.4
"6";2024-11-11;CO_8h;1
"6";2024-11-11;NO2;63
"6";2024-11-11;PM10;50
"6";2024-11-11;PM25;38
"7";2024-11-11;NO2;65
"7";2024-11-11;O3;17
"7";2024-11-11;PM10;
"2";2024-11-08;C6H6;2.7
"2";2024-11-08;NO2;52
"2";2024-11-08;O3;13
"2";2024-11-08;PM10;43
"2";2024-11-08;PM25;27
"2";2024-11-08;SO2;6
"3";2024-11-08;NO2;49
"4";2024-11-08;C6H6;2.6
"4";2024-11-08;CO_8h;2.4
"4";2024-11-08;NO2;66
"4";2024-11-08;PM10;77
"4";2024-11-08;PM25;51
"6";2024-11-08;C6H6;4.7
"6";2024-11-08;CO_8h;1.4
"6";2024-11-08;NO2;61
"6";2024-11-08;PM10;53
"6";2024-11-08;PM25;37
"7";2024-11-08;NO2;59
"7";2024-11-08;O3;11
"7";2024-11-08;PM10;50
"2";2024-11-07;C6H6;2.2
"2";2024-11-07;NO2;46
"2";2024-11-07;O3;16
"2";2024-11-07;PM10;41
"2";2024-11-07;PM25;27
"2";2024-11-07;SO2;6
"3";2024-11-07;NO2;50
"4";2024-11-07;C6H6;1.4
"4";2024-11-07;CO_8h;2.1
"4";2024-11-07;NO2;59
"4";2024-11-07;PM10;45
"4";2024-11-07;PM25;34
"6";2024-11-07;C6H6;3.3
"6";2024-11-07;CO_8h;1.2
"6";2024-11-07;NO2;59
"6";2024-11-07;PM10;39
"6";2024-11-07;PM25;28
"7";2024-11-07;NO2;65
"7";2024-11-07;O3;14
"7";2024-11-07;PM10;39
"2";2024-11-06;C6H6;2.1
"2";2024-11-06;NO2;50
"2";2024-11-06;O3;19
"2";2024-11-06;PM10;37
"2";2024-11-06;PM25;23
"2";2024-11-06;SO2;5
"3";2024-11-06;NO2;52
"4";2024-11-06;C6H6;1
"4";2024-11-06;CO_8h;1.2
"4";2024-11-06;NO2;47
"4";2024-11-06;PM10;43
"4";2024-11-06;PM25;30
"6";2024-11-06;C6H6;2.9
"6";2024-11-06;CO_8h;0.8
"6";2024-11-06;NO2;55
"6";2024-11-06;PM10;41
"6";2024-11-06;PM25;27
"7";2024-11-06;NO2;55
"7";2024-11-06;O3;17
"7";2024-11-06;PM10;36
"2";2024-11-05;C6H6;2.2
"2";2024-11-05;NO2;46
"2";2024-11-05;O3;15
"2";2024-11-05;PM10;43
"2";2024-11-05;PM25;25
"2";2024-11-05;SO2;6
"3";2024-11-05;NO2;46
"4";2024-11-05;C6H6;1
"4";2024-11-05;CO_8h;1.5
"4";2024-11-05;NO2;45
"4";2024-11-05;PM10;49
"4";2024-11-05;PM25;32
"6";2024-11-05;C6H6;2.9
"6";2024-11-05;CO_8h;0.7
"6";2024-11-05;NO2;51
"6";2024-11-05;PM10;42
"6";2024-11-05;PM25;30
"7";2024-11-05;NO2;51
"7";2024-11-05;O3;14
"7";2024-11-05;PM10;41
"2";2024-11-04;C6H6;1.5
"2";2024-11-04;NO2;47
"2";2024-11-04;O3;51
"2";2024-11-04;PM10;30
"2";2024-11-04;PM25;19
"2";2024-11-04;SO2;5
"3";2024-11-04;NO2;68
"4";2024-11-04;C6H6;1.2
"4";2024-11-04;CO_8h;2
"4";2024-11-04;NO2;58
"4";2024-11-04;PM10;41
"4";2024-11-04;PM25;26
"6";2024-11-04;C6H6;1.9
"6";2024-11-04;CO_8h;1.2
"6";2024-11-04;NO2;52
"6";2024-11-04;PM10;30
"6";2024-11-04;PM25;23
"7";2024-11-04;NO2;63
"7";2024-11-04;O3;44
"7";2024-11-04;PM10;30
"2";2024-10-31;C6H6;2.4
"2";2024-10-31;NO2;51
"2";2024-10-31;O3;37
"2";2024-10-31;PM10;38
"2";2024-10-31;PM25;21
"2";2024-10-31;SO2;7
"3";2024-10-31;NO2;70
"4";2024-10-31;C6H6;1.5
"4";2024-10-31;CO_8h;1.7
"4";2024-10-31;NO2;58
"4";2024-10-31;PM10;49
"4";2024-10-31;PM25;27
"6";2024-10-31;C6H6;3.3
"6";2024-10-31;CO_8h;0.8
"6";2024-10-31;NO2;60
"6";2024-10-31;PM10;39
"6";2024-10-31;PM25;24
"7";2024-10-31;NO2;62
"7";2024-10-31;O3;38
"7";2024-10-31;PM10;35
"2";2024-10-30;C6H6;2.6
"2";2024-10-30;NO2;68
"2";2024-10-30;O3;40
"2";2024-10-30;PM10;33
"2";2024-10-30;PM25;18
"2";2024-10-30;SO2;6
"3";2024-10-30;NO2;64
"4";2024-10-30;C6H6;1.5
"4";2024-10-30;CO_8h;1.9
"4";2024-10-30;NO2;54
"4";2024-10-30;PM10;43
"4";2024-10-30;PM25;24
"6";2024-10-30;C6H6;3.7
"6";2024-10-30;CO_8h;0.9
"6";2024-10-30;NO2;58
"6";2024-10-30;PM10;
"6";2024-10-30;PM25;
"7";2024-10-30;NO2;62
"7";2024-10-30;O3;33
"7";2024-10-30;PM10;30
"2";2024-10-29;C6H6;2.2
"2";2024-10-29;NO2;48
"2";2024-10-29;O3;32
"2";2024-10-29;PM10;32
"2";2024-10-29;PM25;17
"2";2024-10-29;SO2;8
"3";2024-10-29;NO2;65
"4";2024-10-29;C6H6;1.5
"4";2024-10-29;CO_8h;1.8
"4";2024-10-29;NO2;66
"4";2024-10-29;PM10;38
"4";2024-10-29;PM25;21
"6";2024-10-29;C6H6;2.8
"6";2024-10-29;CO_8h;0.8
"6";2024-10-29;NO2;54
"6";2024-10-29;PM10;20
"6";2024-10-29;PM25;17
"7";2024-10-29;NO2;64
"7";2024-10-29;O3;31
"7";2024-10-29;PM10;29
"2";2024-10-28;C6H6;1.1
"2";2024-10-28;NO2;40
"2";2024-10-28;O3;47
"2";2024-10-28;PM10;25
"2";2024-10-28;PM25;12
"2";2024-10-28;SO2;2.5
"3";2024-10-28;NO2;52
"4";2024-10-28;C6H6;0.5
"4";2024-10-28;CO_8h;1.4
"4";2024-10-28;NO2;51
"4";2024-10-28;PM10;35
"4";2024-10-28;PM25;17
"6";2024-10-28;C6H6;1.3
"6";2024-10-28;CO_8h;0.7
"6";2024-10-28;NO2;48
"6";2024-10-28;PM10;22
"6";2024-10-28;PM25;13
"7";2024-10-28;NO2;59
"7";2024-10-28;O3;47
"7";2024-10-28;PM10;20
"2";2024-10-25;C6H6;0.5
"2";2024-10-25;NO2;20
"2";2024-10-25;O3;45
"2";2024-10-25;PM10;14
"2";2024-10-25;PM25;10
"2";2024-10-25;SO2;2.5
"3";2024-10-25;NO2;31
"4";2024-10-25;C6H6;0.5
"4";2024-10-25;CO_8h;0.9
"4";2024-10-25;NO2;44
"4";2024-10-25;PM10;20
"4";2024-10-25;PM25;14
"6";2024-10-25;C6H6;1
"6";2024-10-25;CO_8h;0.25
"6";2024-10-25;NO2;35
"6";2024-10-25;PM10;
"6";2024-10-25;PM25;10
"7";2024-10-25;NO2;38
"7";2024-10-25;O3;46
"7";2024-10-25;PM10;
"2";2024-10-24;C6H6;1.6
"2";2024-10-24;NO2;43
"2";2024-10-24;O3;38
"2";2024-10-24;PM10;35
"2";2024-10-24;PM25;21
"2";2024-10-24;SO2;5
"3";2024-10-24;NO2;57
"4";2024-10-24;C6H6;1.3
"4";2024-10-24;CO_8h;1.4
"4";2024-10-24;NO2;45
"4";2024-10-24;PM10;67
"4";2024-10-24;PM25;35
"6";2024-10-24;C6H6;2.3
"6";2024-10-24;CO_8h;0.6
"6";2024-10-24;NO2;58
"6";2024-10-24;PM10;23
"6";2024-10-24;PM25;24
"7";2024-10-24;NO2;57
"7";2024-10-24;O3;40
"7";2024-10-24;PM10;40
"2";2024-10-23;C6H6;1.5
"2";2024-10-23;NO2;50
"2";2024-10-23;O3;65
"2";2024-10-23;PM10;40
"2";2024-10-23;PM25;21
"2";2024-10-23;SO2;5
"3";2024-10-23;NO2;83
"4";2024-10-23;C6H6;1.4
"4";2024-10-23;CO_8h;1.4
"4";2024-10-23;NO2;78
"4";2024-10-23;PM10;60
"4";2024-10-23;PM25;30
"6";2024-10-23;C6H6;2.5
"6";2024-10-23;CO_8h;0.7
"6";2024-10-23;NO2;66
"6";2024-10-23;PM10;44
"6";2024-10-23;PM25;23
"7";2024-10-23;NO2;68
"7";2024-10-23;O3;64
"7";2024-10-23;PM10;
"2";2024-10-22;C6H6;1.3
"2";2024-10-22;NO2;43
"2";2024-10-22;O3;66
"2";2024-10-22;PM10;27
"2";2024-10-22;PM25;13
"2";2024-10-22;SO2;2.5
"3";2024-10-22;NO2;55
"4";2024-10-22;C6H6;1
"4";2024-10-22;CO_8h;1.6
"4";2024-10-22;NO2;57
"4";2024-10-22;PM10;37
"4";2024-10-22;PM25;16
"6";2024-10-22;C6H6;1.9
"6";2024-10-22;CO_8h;0.8
"6";2024-10-22;NO2;45
"6";2024-10-22;PM10;18
"6";2024-10-22;PM25;16
"7";2024-10-22;NO2;55
"7";2024-10-22;O3;67
"7";2024-10-22;PM10;
"2";2024-10-21;C6H6;0.5
"2";2024-10-21;NO2;37
"2";2024-10-21;O3;53
"2";2024-10-21;PM10;18
"2";2024-10-21;PM25;8
"2";2024-10-21;SO2;2.5
"3";2024-10-21;NO2;59
"4";2024-10-21;C6H6;0.5
"4";2024-10-21;CO_8h;1.5
"4";2024-10-21;NO2;52
"4";2024-10-21;PM10;19
"4";2024-10-21;PM25;9
"6";2024-10-21;C6H6;1.6
"6";2024-10-21;CO_8h;0.7
"6";2024-10-21;NO2;55
"6";2024-10-21;PM10;11
"6";2024-10-21;PM25;12
"7";2024-10-21;NO2;64
"7";2024-10-21;O3;46
"7";2024-10-21;PM10;9
"2";2024-10-18;C6H6;0.5
"2";2024-10-18;NO2;24
"2";2024-10-18;O3;41
"2";2024-10-18;PM10;10
"2";2024-10-18;PM25;6
"2";2024-10-18;SO2;2.5
"3";2024-10-18;NO2;52
"4";2024-10-18;C6H6;0.5
"4";2024-10-18;CO_8h;0.8
"4";2024-10-18;NO2;45
"4";2024-10-18;PM10;17
"4";2024-10-18;PM25;10
"6";2024-10-18;C6H6;1
"6";2024-10-18;CO_8h;0.25
"6";2024-10-18;NO2;40
"6";2024-10-18;PM10;5
"6";2024-10-18;PM25;
"7";2024-10-18;NO2;42
"7";2024-10-18;O3;38
"7";2024-10-18;PM10;14
"2";2024-10-17;C6H6;0.5
"2";2024-10-17;NO2;31
"2";2024-10-17;O3;34
"2";2024-10-17;PM10;23
"2";2024-10-17;PM25;16
"2";2024-10-17;SO2;2.5
"3";2024-10-17;NO2;46
"4";2024-10-17;C6H6;0.5
"4";2024-10-17;CO_8h;0.8
"4";2024-10-17;NO2;38
"4";2024-10-17;PM10;44
"4";2024-10-17;PM25;29
"6";2024-10-17;C6H6;1.2
"6";2024-10-17;CO_8h;0.5
"6";2024-10-17;NO2;36
"6";2024-10-17;PM10;
"6";2024-10-17;PM25;
"7";2024-10-17;NO2;42
"7";2024-10-17;O3;30
"7";2024-10-17;PM10;39
"2";2024-10-16;C6H6;1.4
"2";2024-10-16;NO2;38
"2";2024-10-16;O3;41
"2";2024-10-16;PM10;34
"2";2024-10-16;PM25;20
"2";2024-10-16;SO2;7
"3";2024-10-16;NO2;50
"4";2024-10-16;C6H6;1
"4";2024-10-16;CO_8h;0.8
"4";2024-10-16;NO2;47
"4";2024-10-16;PM10;43
"4";2024-10-16;PM25;26
"6";2024-10-16;C6H6;2.7
"6";2024-10-16;CO_8h;0.5
"6";2024-10-16;NO2;44
"6";2024-10-16;PM10;25
"6";2024-10-16;PM25;21
"7";2024-10-16;NO2;48
"7";2024-10-16;O3;32
"7";2024-10-16;PM10;
"2";2024-10-15;C6H6;1.3
"2";2024-10-15;NO2;43
"2";2024-10-15;O3;16
"2";2024-10-15;PM10;29
"2";2024-10-15;PM25;16
"2";2024-10-15;SO2;2.5
"3";2024-10-15;NO2;49
"4";2024-10-15;C6H6;0.5
"4";2024-10-15;CO_8h;0.7
"4";2024-10-15;NO2;49
"4";2024-10-15;PM10;36
"4";2024-10-15;PM25;20
"6";2024-10-15;C6H6;2
"6";2024-10-15;CO_8h;0.6
"6";2024-10-15;NO2;53
"6";2024-10-15;PM10;25
"6";2024-10-15;PM25;21
"7";2024-10-15;NO2;51
"7";2024-10-15;O3;16
"7";2024-10-15;PM10;
"2";2024-10-14;C6H6;1.1
"2";2024-10-14;NO2;40
"2";2024-10-14;O3;64
"2";2024-10-14;PM10;19
"2";2024-10-14;PM25;12
"2";2024-10-14;SO2;8
"3";2024-10-14;NO2;46
"4";2024-10-14;C6H6;0.5
"4";2024-10-14;CO_8h;0.6
"4";2024-10-14;NO2;41
"4";2024-10-14;PM10;24
"4";2024-10-14;PM25;13
"6";2024-10-14;C6H6;1.3
"6";2024-10-14;CO_8h;0.5
"6";2024-10-14;NO2;48
"6";2024-10-14;PM10;22
"6";2024-10-14;PM25;13
"7";2024-10-14;NO2;50
"7";2024-10-14;O3;58
"7";2024-10-14;PM10;
"2";2024-10-11;C6H6;0.5
"2";2024-10-11;NO2;34
"2";2024-10-11;O3;59
"2";2024-10-11;PM10;11
"2";2024-10-11;PM25;7
"2";2024-10-11;SO2;2.5
"3";2024-10-11;NO2;59
"4";2024-10-11;C6H6;0.5
"4";2024-10-11;CO_8h;1.1
"4";2024-10-11;NO2;42
"4";2024-10-11;PM10;12
"4";2024-10-11;PM25;7
"6";2024-10-11;C6H6;1.7
"6";2024-10-11;CO_8h;0.5
"6";2024-10-11;NO2;52
"6";2024-10-11;PM10;12
"6";2024-10-11;PM25;7
"7";2024-10-11;NO2;45
"7";2024-10-11;O3;56
"7";2024-10-11;PM10;
"2";2024-10-10;C6H6;1
"2";2024-10-10;NO2;27
"2";2024-10-10;O3;38
"2";2024-10-10;PM10;17
"2";2024-10-10;PM25;12
"2";2024-10-10;SO2;2.5
"3";2024-10-10;NO2;45
"4";2024-10-10;C6H6;0.5
"4";2024-10-10;CO_8h;1.2
"4";2024-10-10;NO2;40
"4";2024-10-10;PM10;28
"4";2024-10-10;PM25;16
"6";2024-10-10;C6H6;1.6
"6";2024-10-10;CO_8h;0.25
"6";2024-10-10;NO2;41
"6";2024-10-10;PM10;20
"6";2024-10-10;PM25;10
"7";2024-10-10;NO2;38
"7";2024-10-10;O3;34
"7";2024-10-10;PM10;
"2";2024-10-09;C6H6;0.5
"2";2024-10-09;NO2;19
"2";2024-10-09;O3;46
"2";2024-10-09;PM10;11
"2";2024-10-09;PM25;7
"2";2024-10-09;SO2;2.5
"3";2024-10-09;NO2;42
"4";2024-10-09;C6H6;0.5
"4";2024-10-09;CO_8h;1
"4";2024-10-09;NO2;39
"4";2024-10-09;PM10;20
"4";2024-10-09;PM25;13
"6";2024-10-09;C6H6;1.1
"6";2024-10-09;CO_8h;0.25
"6";2024-10-09;NO2;37
"6";2024-10-09;PM10;15
"6";2024-10-09;PM25;9
"7";2024-10-09;NO2;32
"7";2024-10-09;O3;40
"7";2024-10-09;PM10;0
"2";2024-10-08;C6H6;1.5
"2";2024-10-08;NO2;46
"2";2024-10-08;O3;35
"2";2024-10-08;PM10;24
"2";2024-10-08;PM25;14
"2";2024-10-08;SO2;6
"3";2024-10-08;NO2;51
"4";2024-10-08;C6H6;1
"4";2024-10-08;CO_8h;1.4
"4";2024-10-08;NO2;45
"4";2024-10-08;PM10;34
"4";2024-10-08;PM25;21
"6";2024-10-08;C6H6;2.1
"6";2024-10-08;CO_8h;0.5
"6";2024-10-08;NO2;47
"6";2024-10-08;PM10;25
"6";2024-10-08;PM25;18
"7";2024-10-08;NO2;52
"7";2024-10-08;O3;30
"7";2024-10-08;PM10;
"2";2024-10-04;C6H6;0.5
"2";2024-10-04;NO2;29
"2";2024-10-04;O3;46
"2";2024-10-04;PM10;9
"2";2024-10-04;PM25;4
"2";2024-10-04;SO2;2.5
"3";2024-10-04;NO2;47
"4";2024-10-04;C6H6;0.5
"4";2024-10-04;CO_8h;1.1
"4";2024-10-04;NO2;36
"4";2024-10-04;PM10;17
"4";2024-10-04;PM25;12
"6";2024-10-04;C6H6;0.5
"6";2024-10-04;CO_8h;0.25
"6";2024-10-04;NO2;29
"6";2024-10-04;PM10;12
"6";2024-10-04;PM25;6
"7";2024-10-04;NO2;29
"7";2024-10-04;O3;44
"7";2024-10-04;PM10;
"2";2024-10-03;C6H6;0.5
"2";2024-10-03;NO2;34
"2";2024-10-03;O3;62
"2";2024-10-03;PM10;16
"2";2024-10-03;PM25;6
"2";2024-10-03;SO2;2.5
"3";2024-10-03;NO2;59
"4";2024-10-03;C6H6;0.5
"4";2024-10-03;CO_8h;1.1
"4";2024-10-03;NO2;47
"4";2024-10-03;PM10;24
"4";2024-10-03;PM25;17
"6";2024-10-03;C6H6;1.1
"6";2024-10-03;CO_8h;0.25
"6";2024-10-03;NO2;45
"6";2024-10-03;PM10;19
"6";2024-10-03;PM25;18
"7";2024-10-03;NO2;39
"7";2024-10-03;O3;71
"7";2024-10-03;PM10;
"2";2024-10-02;C6H6;0.5
"2";2024-10-02;NO2;45
"2";2024-10-02;O3;61
"2";2024-10-02;PM10;24
"2";2024-10-02;PM25;10
"2";2024-10-02;SO2;2.5
"3";2024-10-02;NO2;61
"4";2024-10-02;C6H6;0.5
"4";2024-10-02;CO_8h;1.1
"4";2024-10-02;NO2;56
"4";2024-10-02;PM10;37
"4";2024-10-02;PM25;17
"6";2024-10-02;C6H6;1.2
"6";2024-10-02;CO_8h;0.5
"6";2024-10-02;NO2;51
"6";2024-10-02;PM10;26
"6";2024-10-02;PM25;13
"7";2024-10-02;NO2;54
"7";2024-10-02;O3;57
"7";2024-10-02;PM10;
"2";2024-10-01;C6H6;0.5
"2";2024-10-01;NO2;57
"2";2024-10-01;O3;79
"2";2024-10-01;PM10;12
"2";2024-10-01;PM25;5
"2";2024-10-01;SO2;2.5
"3";2024-10-01;NO2;46
"4";2024-10-01;C6H6;0.5
"4";2024-10-01;CO_8h;1
"4";2024-10-01;NO2;75
"4";2024-10-01;PM10;17
"4";2024-10-01;PM25;5
"6";2024-10-01;C6H6;0.5
"6";2024-10-01;CO_8h;0.25
"6";2024-10-01;NO2;49
"6";2024-10-01;PM10;14
"6";2024-10-01;PM25;6
"7";2024-10-01;NO2;36
"7";2024-10-01;O3;86
"7";2024-10-01;PM10;
"2";2024-04-30;C6H6;1.6
"2";2024-04-30;NO2;71
"2";2024-04-30;O3;92
"2";2024-04-30;PM10;27
"2";2024-04-30;PM25;9
"2";2024-04-30;SO2;2.5
"3";2024-04-30;NO2;96
"4";2024-04-30;C6H6;
"4";2024-04-30;CO_8h;1.2
"4";2024-04-30;NO2;106
"4";2024-04-30;PM10;30
"4";2024-04-30;PM25;8
"6";2024-04-30;C6H6;1.3
"6";2024-04-30;CO_8h;0.7
"6";2024-04-30;NO2;79
"6";2024-04-30;PM10;29
"6";2024-04-30;PM25;11
"7";2024-04-30;NO2;73
"7";2024-04-30;O3;110
"7";2024-04-30;PM10;28
"2";2024-04-29;C6H6;0.5
"2";2024-04-29;NO2;30
"2";2024-04-29;O3;74
"2";2024-04-29;PM10;17
"2";2024-04-29;PM25;9
"2";2024-04-29;SO2;2.5
"3";2024-04-29;NO2;49
"4";2024-04-29;C6H6;
"4";2024-04-29;CO_8h;1.1
"4";2024-04-29;NO2;47
"4";2024-04-29;PM10;21
"4";2024-04-29;PM25;8
"6";2024-04-29;C6H6;0.5
"6";2024-04-29;CO_8h;0.6
"6";2024-04-29;NO2;36
"6";2024-04-29;PM10;21
"6";2024-04-29;PM25;14
"7";2024-04-29;NO2;39
"7";2024-04-29;O3;96
"7";2024-04-29;PM10;19
"2";2024-04-24;C6H6;0.5
"2";2024-04-24;NO2;42
"2";2024-04-24;O3;61
"2";2024-04-24;PM10;7
"2";2024-04-24;PM25;4
"2";2024-04-24;SO2;2.5
"3";2024-04-24;NO2;64
"4";2024-04-24;C6H6;0
"4";2024-04-24;CO_8h;1.2
"4";2024-04-24;NO2;64
"4";2024-04-24;PM10;10
"4";2024-04-24;PM25;6
"6";2024-04-24;C6H6;0.5
"6";2024-04-24;CO_8h;0.6
"6";2024-04-24;NO2;
"6";2024-04-24;PM10;
"6";2024-04-24;PM25;
"7";2024-04-24;NO2;52
"7";2024-04-24;O3;71
"7";2024-04-24;PM10;7
"2";2024-04-23;C6H6;0.5
"2";2024-04-23;NO2;28
"2";2024-04-23;O3;64
"2";2024-04-23;PM10;3
"2";2024-04-23;PM25;2
"2";2024-04-23;SO2;2.5
"3";2024-04-23;NO2;52
"4";2024-04-23;C6H6;
"4";2024-04-23;CO_8h;0.9
"4";2024-04-23;NO2;58
"4";2024-04-23;PM10;6
"4";2024-04-23;PM25;4
"6";2024-04-23;C6H6;0.5
"6";2024-04-23;CO_8h;0.5
"6";2024-04-23;NO2;
"6";2024-04-23;PM10;6
"6";2024-04-23;PM25;
"7";2024-04-23;NO2;35
"7";2024-04-23;O3;82
"7";2024-04-23;PM10;5
"2";2024-04-22;C6H6;0.5
"2";2024-04-22;NO2;40
"2";2024-04-22;O3;83
"2";2024-04-22;PM10;7
"2";2024-04-22;PM25;3
"2";2024-04-22;SO2;2.5
"3";2024-04-22;NO2;55
"4";2024-04-22;C6H6;
"4";2024-04-22;CO_8h;0.9
"4";2024-04-22;NO2;58
"4";2024-04-22;PM10;10
"4";2024-04-22;PM25;4
"6";2024-04-22;C6H6;
"6";2024-04-22;CO_8h;
"6";2024-04-22;NO2;
"6";2024-04-22;PM10;
"6";2024-04-22;PM25;
"7";2024-04-22;NO2;35
"7";2024-04-22;O3;98
"7";2024-04-22;PM10;8
"2";2024-04-19;C6H6;0.5
"2";2024-04-19;NO2;46
"2";2024-04-19;O3;79
"2";2024-04-19;PM10;14
"2";2024-04-19;PM25;5
"2";2024-04-19;SO2;6
"3";2024-04-19;NO2;62
"4";2024-04-19;C6H6;1.2
"4";2024-04-19;CO_8h;0.9
"4";2024-04-19;NO2;71
"4";2024-04-19;PM10;18
"4";2024-04-19;PM25;6
"6";2024-04-19;C6H6;
"6";2024-04-19;CO_8h;
"6";2024-04-19;NO2;
"6";2024-04-19;PM10;
"6";2024-04-19;PM25;
"7";2024-04-19;NO2;51
"7";2024-04-19;O3;92
"7";2024-04-19;PM10;16
"2";2024-04-18;C6H6;0.5
"2";2024-04-18;NO2;28
"2";2024-04-18;O3;83
"2";2024-04-18;PM10;12
"2";2024-04-18;PM25;4
"2";2024-04-18;SO2;2.5
"3";2024-04-18;NO2;47
"4";2024-04-18;C6H6;0.5
"4";2024-04-18;CO_8h;0.8
"4";2024-04-18;NO2;53
"4";2024-04-18;PM10;18
"4";2024-04-18;PM25;5
"6";2024-04-18;C6H6;0.5
"6";2024-04-18;CO_8h;0.5
"6";2024-04-18;NO2;
"6";2024-04-18;PM10;18
"6";2024-04-18;PM25;12
"7";2024-04-18;NO2;33
"7";2024-04-18;O3;91
"7";2024-04-18;PM10;14
"2";2024-04-17;C6H6;0.5
"2";2024-04-17;NO2;39
"2";2024-04-17;O3;107
"2";2024-04-17;PM10;25
"2";2024-04-17;PM25;10
"2";2024-04-17;SO2;2.5
"3";2024-04-17;NO2;55
"4";2024-04-17;C6H6;0.5
"4";2024-04-17;CO_8h;0.8
"4";2024-04-17;NO2;57
"4";2024-04-17;PM10;24
"4";2024-04-17;PM25;8
"6";2024-04-17;C6H6;0.5
"6";2024-04-17;CO_8h;0.5
"6";2024-04-17;NO2;
"6";2024-04-17;PM10;23
"6";2024-04-17;PM25;13
"7";2024-04-17;NO2;39
"7";2024-04-17;O3;104
"7";2024-04-17;PM10;19
"2";2024-04-16;C6H6;0.5
"2";2024-04-16;NO2;25
"2";2024-04-16;O3;97
"2";2024-04-16;PM10;23
"2";2024-04-16;PM25;10
"2";2024-04-16;SO2;5
"3";2024-04-16;NO2;89
"4";2024-04-16;C6H6;0.5
"4";2024-04-16;CO_8h;0.8
"4";2024-04-16;NO2;79
"4";2024-04-16;PM10;29
"4";2024-04-16;PM25;10
"6";2024-04-16;C6H6;0.5
"6";2024-04-16;CO_8h;0.5
"6";2024-04-16;NO2;
"6";2024-04-16;PM10;23
"6";2024-04-16;PM25;15
"7";2024-04-16;NO2;36
"7";2024-04-16;O3;114
"7";2024-04-16;PM10;22
"2";2024-04-15;C6H6;1.6
"2";2024-04-15;NO2;74
"2";2024-04-15;O3;121
"2";2024-04-15;PM10;34
"2";2024-04-15;PM25;17
"2";2024-04-15;SO2;9
"3";2024-04-15;NO2;91
"4";2024-04-15;C6H6;1.5
"4";2024-04-15;CO_8h;1.7
"4";2024-04-15;NO2;90
"4";2024-04-15;PM10;38
"4";2024-04-15;PM25;20
"6";2024-04-15;C6H6;2
"6";2024-04-15;CO_8h;1.2
"6";2024-04-15;NO2;
"6";2024-04-15;PM10;41
"6";2024-04-15;PM25;29
"7";2024-04-15;NO2;106
"7";2024-04-15;O3;132
"7";2024-04-15;PM10;36
"2";2024-04-12;C6H6;0.5
"2";2024-04-12;NO2;53
"2";2024-04-12;O3;
"2";2024-04-12;PM10;18
"2";2024-04-12;PM25;8
"2";2024-04-12;SO2;2.5
"3";2024-04-12;NO2;82
"4";2024-04-12;C6H6;1.2
"4";2024-04-12;CO_8h;1
"4";2024-04-12;NO2;76
"4";2024-04-12;PM10;18
"4";2024-04-12;PM25;6
"6";2024-04-12;C6H6;1.3
"6";2024-04-12;CO_8h;0.7
"6";2024-04-12;NO2;43
"6";2024-04-12;PM10;24
"6";2024-04-12;PM25;13
"7";2024-04-12;NO2;74
"7";2024-04-12;O3;94
"7";2024-04-12;PM10;18
"2";2024-04-10;C6H6;0.5
"2";2024-04-10;NO2;34
"2";2024-04-10;O3;71
"2";2024-04-10;PM10;34
"2";2024-04-10;PM25;20
"2";2024-04-10;SO2;2.5
"3";2024-04-10;NO2;64
"4";2024-04-10;C6H6;1.2
"4";2024-04-10;CO_8h;1
"4";2024-04-10;NO2;71
"4";2024-04-10;PM10;47
"4";2024-04-10;PM25;26
"6";2024-04-10;C6H6;1.2
"6";2024-04-10;CO_8h;0.6
"6";2024-04-10;NO2;47
"6";2024-04-10;PM10;34
"6";2024-04-10;PM25;24
"7";2024-04-10;NO2;53
"7";2024-04-10;O3;83
"7";2024-04-10;PM10;30
"2";2024-04-09;C6H6;1.3
"2";2024-04-09;NO2;68
"2";2024-04-09;O3;106
"2";2024-04-09;PM10;37
"2";2024-04-09;PM25;20
"2";2024-04-09;SO2;5
"3";2024-04-09;NO2;75
"4";2024-04-09;C6H6;2.1
"4";2024-04-09;CO_8h;1.6
"4";2024-04-09;NO2;77
"4";2024-04-09;PM10;47
"4";2024-04-09;PM25;21
"6";2024-04-09;C6H6;1.9
"6";2024-04-09;CO_8h;1
"6";2024-04-09;NO2;75
"6";2024-04-09;PM10;42
"6";2024-04-09;PM25;30
"7";2024-04-09;NO2;92
"7";2024-04-09;O3;132
"7";2024-04-09;PM10;36
"2";2024-04-08;C6H6;1
"2";2024-04-08;NO2;60
"2";2024-04-08;O3;93
"2";2024-04-08;PM10;23
"2";2024-04-08;PM25;11
"2";2024-04-08;SO2;12
"3";2024-04-08;NO2;88
"4";2024-04-08;C6H6;1.5
"4";2024-04-08;CO_8h;1.3
"4";2024-04-08;NO2;98
"4";2024-04-08;PM10;27
"4";2024-04-08;PM25;12
"6";2024-04-08;C6H6;1.1
"6";2024-04-08;CO_8h;0.8
"6";2024-04-08;NO2;77
"6";2024-04-08;PM10;22
"6";2024-04-08;PM25;14
"7";2024-04-08;NO2;93
"7";2024-04-08;O3;101
"7";2024-04-08;PM10;23
"2";2024-04-05;C6H6;0.5
"2";2024-04-05;NO2;45
"2";2024-04-05;O3;80
"2";2024-04-05;PM10;18
"2";2024-04-05;PM25;9
"2";2024-04-05;SO2;2.5
"3";2024-04-05;NO2;68
"4";2024-04-05;C6H6;1.3
"4";2024-04-05;CO_8h;1
"4";2024-04-05;NO2;67
"4";2024-04-05;PM10;
"4";2024-04-05;PM25;8
"6";2024-04-05;C6H6;1.4
"6";2024-04-05;CO_8h;0.8
"6";2024-04-05;NO2;67
"6";2024-04-05;PM10;23
"6";2024-04-05;PM25;15
"7";2024-04-05;NO2;76
"7";2024-04-05;O3;92
"7";2024-04-05;PM10;20
"2";2024-04-04;C6H6;0.5
"2";2024-04-04;NO2;54
"2";2024-04-04;O3;70
"2";2024-04-04;PM10;17
"2";2024-04-04;PM25;7
"2";2024-04-04;SO2;2.5
"3";2024-04-04;NO2;81
"4";2024-04-04;C6H6;1.5
"4";2024-04-04;CO_8h;1
"4";2024-04-04;NO2;75
"4";2024-04-04;PM10;
"4";2024-04-04;PM25;
"6";2024-04-04;C6H6;1.3
"6";2024-04-04;CO_8h;0.7
"6";2024-04-04;NO2;70
"6";2024-04-04;PM10;21
"6";2024-04-04;PM25;13
"7";2024-04-04;NO2;78
"7";2024-04-04;O3;84
"7";2024-04-04;PM10;18
"2";2024-04-03;C6H6;0.5
"2";2024-04-03;NO2;51
"2";2024-04-03;O3;88
"2";2024-04-03;PM10;11
"2";2024-04-03;PM25;5
"2";2024-04-03;SO2;2.5
"3";2024-04-03;NO2;73
"4";2024-04-03;C6H6;0.5
"4";2024-04-03;CO_8h;0.5
"4";2024-04-03;NO2;57
"4";2024-04-03;PM10;8
"4";2024-04-03;PM25;5
"6";2024-04-03;C6H6;1
"6";2024-04-03;CO_8h;0.6
"6";2024-04-03;NO2;64
"6";2024-04-03;PM10;15
"6";2024-04-03;PM25;8
"7";2024-04-03;NO2;73
"7";2024-04-03;O3;92
"7";2024-04-03;PM10;12
"2";2024-04-02;C6H6;0.5
"2";2024-04-02;NO2;24
"2";2024-04-02;O3;86
"2";2024-04-02;PM10;20
"2";2024-04-02;PM25;5
"2";2024-04-02;SO2;2.5
"3";2024-04-02;NO2;60
"4";2024-04-02;C6H6;0.5
"4";2024-04-02;CO_8h;0.25
"4";2024-04-02;NO2;36
"4";2024-04-02;PM10;19
"4";2024-04-02;PM25;6
"6";2024-04-02;C6H6;0.5
"6";2024-04-02;CO_8h;0.25
"6";2024-04-02;NO2;36
"6";2024-04-02;PM10;17
"6";2024-04-02;PM25;9
"7";2024-04-02;NO2;36
"7";2024-04-02;O3;94
"7";2024-04-02;PM10;17
"2";2024-03-29;C6H6;0.5
"2";2024-03-29;NO2;55
"2";2024-03-29;O3;61
"2";2024-03-29;PM10;14
"2";2024-03-29;PM25;8
"2";2024-03-29;SO2;2.5
"3";2024-03-29;NO2;76
"4";2024-03-29;C6H6;1.2
"4";2024-03-29;CO_8h;0.5
"4";2024-03-29;NO2;61
"4";2024-03-29;PM10;11
"4";2024-03-29;PM25;10
"6";2024-03-29;C6H6;
"6";2024-03-29;CO_8h;0.6
"6";2024-03-29;NO2;55
"6";2024-03-29;PM10;14
"6";2024-03-29;PM25;14
"7";2024-03-29;NO2;49
"7";2024-03-29;O3;74
"7";2024-03-29;PM10;9
"2";2024-03-28;C6H6;0.5
"2";2024-03-28;NO2;55
"2";2024-03-28;O3;61
"2";2024-03-28;PM10;14
"2";2024-03-28;PM25;8
"2";2024-03-28;SO2;2.5
"3";2024-03-28;NO2;76
"4";2024-03-28;C6H6;1.2
"4";2024-03-28;CO_8h;0.5
"4";2024-03-28;NO2;61
"4";2024-03-28;PM10;11
"4";2024-03-28;PM25;10
"6";2024-03-28;C6H6;0
"6";2024-03-28;CO_8h;0.6
"6";2024-03-28;NO2;55
"6";2024-03-28;PM10;14
"6";2024-03-28;PM25;14
"7";2024-03-28;NO2;49
"7";2024-03-28;O3;74
"7";2024-03-28;PM10;9
"2";2024-03-27;C6H6;0.5
"2";2024-03-27;NO2;33
"2";2024-03-27;O3;56
"2";2024-03-27;PM10;18
"2";2024-03-27;PM25;11
"2";2024-03-27;SO2;2.5
"3";2024-03-27;NO2;67
"4";2024-03-27;C6H6;1.2
"4";2024-03-27;CO_8h;0.5
"4";2024-03-27;NO2;63
"4";2024-03-27;PM10;22
"4";2024-03-27;PM25;14
"6";2024-03-27;C6H6;0
"6";2024-03-27;CO_8h;0.7
"6";2024-03-27;NO2;45
"6";2024-03-27;PM10;22
"6";2024-03-27;PM25;16
"7";2024-03-27;NO2;41
"7";2024-03-27;O3;64
"7";2024-03-27;PM10;15
"2";2024-03-26;C6H6;0.5
"2";2024-03-26;NO2;49
"2";2024-03-26;O3;76
"2";2024-03-26;PM10;16
"2";2024-03-26;PM25;7
"2";2024-03-26;SO2;2.5
"3";2024-03-26;NO2;85
"4";2024-03-26;C6H6;1.2
"4";2024-03-26;CO_8h;0.25
"4";2024-03-26;NO2;73
"4";2024-03-26;PM10;9
"4";2024-03-26;PM25;4
"6";2024-03-26;C6H6;0.5
"6";2024-03-26;CO_8h;0.6
"6";2024-03-26;NO2;65
"6";2024-03-26;PM10;19
"6";2024-03-26;PM25;14
"7";2024-03-26;NO2;60
"7";2024-03-26;O3;87
"7";2024-03-26;PM10;11
"2";2024-03-25;C6H6;0.5
"2";2024-03-25;NO2;19
"2";2024-03-25;O3;87
"2";2024-03-25;PM10;5
"2";2024-03-25;PM25;3
"2";2024-03-25;SO2;2.5
"3";2024-03-25;NO2;26
"4";2024-03-25;C6H6;0.5
"4";2024-03-25;CO_8h;0.25
"4";2024-03-25;NO2;47
"4";2024-03-25;PM10;2
"4";2024-03-25;PM25;3
"6";2024-03-25;C6H6;0.5
"6";2024-03-25;CO_8h;0.5
"6";2024-03-25;NO2;38
"6";2024-03-25;PM10;8
"6";2024-03-25;PM25;4
"7";2024-03-25;NO2;36
"7";2024-03-25;O3;98
"7";2024-03-25;PM10;3
"2";2024-03-22;C6H6;1.5
"2";2024-03-22;NO2;61
"2";2024-03-22;O3;84
"2";2024-03-22;PM10;45
"2";2024-03-22;PM25;27
"2";2024-03-22;SO2;5
"3";2024-03-22;NO2;77
"4";2024-03-22;C6H6;1.8
"4";2024-03-22;CO_8h;0.9
"4";2024-03-22;NO2;70
"4";2024-03-22;PM10;45
"4";2024-03-22;PM25;32
"6";2024-03-22;C6H6;2
"6";2024-03-22;CO_8h;0.8
"6";2024-03-22;NO2;60
"6";2024-03-22;PM10;49
"6";2024-03-22;PM25;38
"7";2024-03-22;NO2;65
"7";2024-03-22;O3;89
"7";2024-03-22;PM10;36
"2";2024-03-21;C6H6;
"2";2024-03-21;NO2;30
"2";2024-03-21;O3;87
"2";2024-03-21;PM10;37
"2";2024-03-21;PM25;23
"2";2024-03-21;SO2;2.5
"3";2024-03-21;NO2;71
"4";2024-03-21;C6H6;1.4
"4";2024-03-21;CO_8h;0.5
"4";2024-03-21;NO2;62
"4";2024-03-21;PM10;36
"4";2024-03-21;PM25;27
"6";2024-03-21;C6H6;1.1
"6";2024-03-21;CO_8h;0.6
"6";2024-03-21;NO2;39
"6";2024-03-21;PM10;39
"6";2024-03-21;PM25;31
"7";2024-03-21;NO2;49
"7";2024-03-21;O3;86
"7";2024-03-21;PM10;31
"2";2024-03-20;C6H6;0
"2";2024-03-20;NO2;18
"2";2024-03-20;O3;61
"2";2024-03-20;PM10;46
"2";2024-03-20;PM25;27
"2";2024-03-20;SO2;2.5
"3";2024-03-20;NO2;40
"4";2024-03-20;C6H6;1.6
"4";2024-03-20;CO_8h;0.5
"4";2024-03-20;NO2;50
"4";2024-03-20;PM10;49
"4";2024-03-20;PM25;36
"6";2024-03-20;C6H6;1.2
"6";2024-03-20;CO_8h;0.6
"6";2024-03-20;NO2;21
"6";2024-03-20;PM10;45
"6";2024-03-20;PM25;38
"7";2024-03-20;NO2;38
"7";2024-03-20;O3;69
"7";2024-03-20;PM10;40
"2";2024-03-19;C6H6;
"2";2024-03-19;NO2;43
"2";2024-03-19;O3;76
"2";2024-03-19;PM10;19
"2";2024-03-19;PM25;10
"2";2024-03-19;SO2;2.5
"3";2024-03-19;NO2;73
"4";2024-03-19;C6H6;1
"4";2024-03-19;CO_8h;0.5
"4";2024-03-19;NO2;58
"4";2024-03-19;PM10;19
"4";2024-03-19;PM25;10
"6";2024-03-19;C6H6;1
"6";2024-03-19;CO_8h;0.6
"6";2024-03-19;NO2;38
"6";2024-03-19;PM10;24
"6";2024-03-19;PM25;15
"7";2024-03-19;NO2;45
"7";2024-03-19;O3;82
"7";2024-03-19;PM10;17
"2";2024-03-18;C6H6;1
"2";2024-03-18;NO2;48
"2";2024-03-18;O3;80
"2";2024-03-18;PM10;36
"2";2024-03-18;PM25;22
"2";2024-03-18;SO2;2.5
"3";2024-03-18;NO2;78
"4";2024-03-18;C6H6;1.4
"4";2024-03-18;CO_8h;1
"4";2024-03-18;NO2;65
"4";2024-03-18;PM10;36
"4";2024-03-18;PM25;24
"6";2024-03-18;C6H6;1.4
"6";2024-03-18;CO_8h;0.9
"6";2024-03-18;NO2;52
"6";2024-03-18;PM10;38
"6";2024-03-18;PM25;28
"7";2024-03-18;NO2;59
"7";2024-03-18;O3;97
"7";2024-03-18;PM10;27
"2";2024-03-15;C6H6;1.6
"2";2024-03-15;NO2;62
"2";2024-03-15;O3;84
"2";2024-03-15;PM10;46
"2";2024-03-15;PM25;25
"2";2024-03-15;SO2;5
"3";2024-03-15;NO2;
"4";2024-03-15;C6H6;1.9
"4";2024-03-15;CO_8h;0.7
"4";2024-03-15;NO2;
"4";2024-03-15;PM10;38
"4";2024-03-15;PM25;26
"6";2024-03-15;C6H6;2.2
"6";2024-03-15;CO_8h;0.9
"6";2024-03-15;NO2;56
"6";2024-03-15;PM10;43
"6";2024-03-15;PM25;34
"7";2024-03-15;NO2;74
"7";2024-03-15;O3;97
"7";2024-03-15;PM10;31
"2";2024-03-14;C6H6;0
"2";2024-03-14;NO2;60
"2";2024-03-14;O3;72
"2";2024-03-14;PM10;29
"2";2024-03-14;PM25;16
"2";2024-03-14;SO2;5
"3";2024-03-14;NO2;
"4";2024-03-14;C6H6;2.1
"4";2024-03-14;CO_8h;0.6
"4";2024-03-14;NO2;
"4";2024-03-14;PM10;31
"4";2024-03-14;PM25;14
"6";2024-03-14;C6H6;1.9
"6";2024-03-14;CO_8h;0.9
"6";2024-03-14;NO2;55
"6";2024-03-14;PM10;32
"6";2024-03-14;PM25;24
"7";2024-03-14;NO2;70
"7";2024-03-14;O3;86
"7";2024-03-14;PM10;24
"2";2024-03-13;C6H6;
"2";2024-03-13;NO2;55
"2";2024-03-13;O3;75
"2";2024-03-13;PM10;19
"2";2024-03-13;PM25;9
"2";2024-03-13;SO2;2.5
"3";2024-03-13;NO2;
"4";2024-03-13;C6H6;1.5
"4";2024-03-13;CO_8h;0.5
"4";2024-03-13;NO2;
"4";2024-03-13;PM10;15
"4";2024-03-13;PM25;9
"6";2024-03-13;C6H6;2.3
"6";2024-03-13;CO_8h;0.8
"6";2024-03-13;NO2;74
"6";2024-03-13;PM10;24
"6";2024-03-13;PM25;17
"7";2024-03-13;NO2;65
"7";2024-03-13;O3;72
"7";2024-03-13;PM10;16
"2";2024-03-12;C6H6;1
"2";2024-03-12;NO2;51
"2";2024-03-12;O3;58
"2";2024-03-12;PM10;15
"2";2024-03-12;PM25;9
"2";2024-03-12;SO2;2.5
"3";2024-03-12;NO2;
"4";2024-03-12;C6H6;1.2
"4";2024-03-12;CO_8h;0.5
"4";2024-03-12;NO2;
"4";2024-03-12;PM10;12
"4";2024-03-12;PM25;9
"6";2024-03-12;C6H6;1.4
"6";2024-03-12;CO_8h;0.6
"6";2024-03-12;NO2;50
"6";2024-03-12;PM10;18
"6";2024-03-12;PM25;15
"7";2024-03-12;NO2;61
"7";2024-03-12;O3;60
"7";2024-03-12;PM10;14
"2";2024-03-11;C6H6;0.5
"2";2024-03-11;NO2;39
"2";2024-03-11;O3;75
"2";2024-03-11;PM10;8
"2";2024-03-11;PM25;5
"2";2024-03-11;SO2;2.5
"3";2024-03-11;NO2;
"4";2024-03-11;C6H6;1.3
"4";2024-03-11;CO_8h;0.5
"4";2024-03-11;NO2;
"4";2024-03-11;PM10;9
"4";2024-03-11;PM25;8
"6";2024-03-11;C6H6;1
"6";2024-03-11;CO_8h;0.6
"6";2024-03-11;NO2;44
"6";2024-03-11;PM10;10
"6";2024-03-11;PM25;8
"7";2024-03-11;NO2;58
"7";2024-03-11;O3;78
"7";2024-03-11;PM10;6
"2";2024-03-08;C6H6;1.2
"2";2024-03-08;NO2;52
"2";2024-03-08;O3;69
"2";2024-03-08;PM10;27
"2";2024-03-08;PM25;16
"2";2024-03-08;SO2;2.5
"3";2024-03-08;NO2;
"4";2024-03-08;C6H6;2
"4";2024-03-08;CO_8h;0.5
"4";2024-03-08;NO2;53
"4";2024-03-08;PM10;26
"4";2024-03-08;PM25;16
"6";2024-03-08;C6H6;2.1
"6";2024-03-08;CO_8h;0.8
"6";2024-03-08;NO2;49
"6";2024-03-08;PM10;31
"6";2024-03-08;PM25;23
"7";2024-03-08;NO2;66
"7";2024-03-08;O3;83
"7";2024-03-08;PM10;21
"2";2024-03-07;C6H6;0.5
"2";2024-03-07;NO2;47
"2";2024-03-07;O3;61
"2";2024-03-07;PM10;10
"2";2024-03-07;PM25;5
"2";2024-03-07;SO2;2.5
"3";2024-03-07;NO2;
"4";2024-03-07;C6H6;1.3
"4";2024-03-07;CO_8h;0.5
"4";2024-03-07;NO2;
"4";2024-03-07;PM10;9
"4";2024-03-07;PM25;3
"6";2024-03-07;C6H6;1.2
"6";2024-03-07;CO_8h;
"6";2024-03-07;NO2;51
"6";2024-03-07;PM10;13
"6";2024-03-07;PM25;9
"7";2024-03-07;NO2;64
"7";2024-03-07;O3;62
"7";2024-03-07;PM10;10
"2";2024-03-06;C6H6;1.1
"2";2024-03-06;NO2;45
"2";2024-03-06;O3;53
"2";2024-03-06;PM10;19
"2";2024-03-06;PM25;10
"2";2024-03-06;SO2;2.5
"3";2024-03-06;NO2;
"4";2024-03-06;C6H6;1.7
"4";2024-03-06;CO_8h;0.8
"4";2024-03-06;NO2;
"4";2024-03-06;PM10;22
"4";2024-03-06;PM25;14
"6";2024-03-06;C6H6;1.7
"6";2024-03-06;CO_8h;0.9
"6";2024-03-06;NO2;52
"6";2024-03-06;PM10;22
"6";2024-03-06;PM25;14
"7";2024-03-06;NO2;58
"7";2024-03-06;O3;56
"7";2024-03-06;PM10;16
"2";2024-03-05;C6H6;0.5
"2";2024-03-05;NO2;55
"2";2024-03-05;O3;68
"2";2024-03-05;PM10;11
"2";2024-03-05;PM25;5
"2";2024-03-05;SO2;2.5
"3";2024-03-05;NO2;
"4";2024-03-05;C6H6;1.3
"4";2024-03-05;CO_8h;0.7
"4";2024-03-05;NO2;
"4";2024-03-05;PM10;11
"4";2024-03-05;PM25;6
"6";2024-03-05;C6H6;1.3
"6";2024-03-05;CO_8h;0.8
"6";2024-03-05;NO2;57
"6";2024-03-05;PM10;16
"6";2024-03-05;PM25;12
"7";2024-03-05;NO2;70
"7";2024-03-05;O3;75
"7";2024-03-05;PM10;11
"2";2024-03-04;C6H6;0.5
"2";2024-03-04;NO2;12
"2";2024-03-04;O3;69
"2";2024-03-04;PM10;11
"2";2024-03-04;PM25;6
"2";2024-03-04;SO2;2.5
"3";2024-03-04;NO2;
"4";2024-03-04;C6H6;0.5
"4";2024-03-04;CO_8h;0.5
"4";2024-03-04;NO2;
"4";2024-03-04;PM10;13
"4";2024-03-04;PM25;8
"6";2024-03-04;C6H6;0.5
"6";2024-03-04;CO_8h;0.25
"6";2024-03-04;NO2;23
"6";2024-03-04;PM10;13
"6";2024-03-04;PM25;11
"7";2024-03-04;NO2;32
"7";2024-03-04;O3;71
"7";2024-03-04;PM10;9
"2";2024-03-01;C6H6;1.8
"2";2024-03-01;NO2;54
"2";2024-03-01;O3;44
"2";2024-03-01;PM10;31
"2";2024-03-01;PM25;14
"2";2024-03-01;SO2;2.5
"3";2024-03-01;NO2;83
"4";2024-03-01;C6H6;2.3
"4";2024-03-01;CO_8h;1.3
"4";2024-03-01;NO2;58
"4";2024-03-01;PM10;30
"4";2024-03-01;PM25;16
"6";2024-03-01;C6H6;2.4
"6";2024-03-01;CO_8h;0.9
"6";2024-03-01;NO2;56
"6";2024-03-01;PM10;
"6";2024-03-01;PM25;
"7";2024-03-01;NO2;79
"7";2024-03-01;O3;45
"7";2024-03-01;PM10;25
"2";2024-02-29;C6H6;1.3
"2";2024-02-29;NO2;49
"2";2024-02-29;O3;33
"2";2024-02-29;PM10;16
"2";2024-02-29;PM25;10
"2";2024-02-29;SO2;2.5
"3";2024-02-29;NO2;75
"4";2024-02-29;C6H6;1.8
"4";2024-02-29;CO_8h;1.3
"4";2024-02-29;NO2;54
"4";2024-02-29;PM10;16
"4";2024-02-29;PM25;9
"6";2024-02-29;C6H6;1.9
"6";2024-02-29;CO_8h;0.9
"6";2024-02-29;NO2;49
"6";2024-02-29;PM10;
"6";2024-02-29;PM25;
"7";2024-02-29;NO2;66
"7";2024-02-29;O3;42
"7";2024-02-29;PM10;15
"2";2024-02-28;C6H6;1.4
"2";2024-02-28;NO2;57
"2";2024-02-28;O3;56
"2";2024-02-28;PM10;10
"2";2024-02-28;PM25;7
"2";2024-02-28;SO2;2.5
"3";2024-02-28;NO2;77
"4";2024-02-28;C6H6;1.6
"4";2024-02-28;CO_8h;1.3
"4";2024-02-28;NO2;62
"4";2024-02-28;PM10;9
"4";2024-02-28;PM25;7
"6";2024-02-28;C6H6;1.8
"6";2024-02-28;CO_8h;0.9
"6";2024-02-28;NO2;56
"6";2024-02-28;PM10;
"6";2024-02-28;PM25;
"7";2024-02-28;NO2;69
"7";2024-02-28;O3;62
"7";2024-02-28;PM10;10
"2";2024-02-27;C6H6;0.5
"2";2024-02-27;NO2;33
"2";2024-02-27;O3;59
"2";2024-02-27;PM10;8
"2";2024-02-27;PM25;5
"2";2024-02-27;SO2;2.5
"3";2024-02-27;NO2;57
"4";2024-02-27;C6H6;1.1
"4";2024-02-27;CO_8h;1
"4";2024-02-27;NO2;53
"4";2024-02-27;PM10;9
"4";2024-02-27;PM25;7
"6";2024-02-27;C6H6;1
"6";2024-02-27;CO_8h;0.5
"6";2024-02-27;NO2;35
"6";2024-02-27;PM10;12
"6";2024-02-27;PM25;8
"7";2024-02-27;NO2;49
"7";2024-02-27;O3;68
"7";2024-02-27;PM10;7
"2";2024-02-26;C6H6;0.5
"2";2024-02-26;NO2;26
"2";2024-02-26;O3;64
"2";2024-02-26;PM10;14
"2";2024-02-26;PM25;10
"2";2024-02-26;SO2;2.5
"3";2024-02-26;NO2;53
"4";2024-02-26;C6H6;1.1
"4";2024-02-26;CO_8h;1
"4";2024-02-26;NO2;47
"4";2024-02-26;PM10;13
"4";2024-02-26;PM25;10
"6";2024-02-26;C6H6;0.5
"6";2024-02-26;CO_8h;0.5
"6";2024-02-26;NO2;30
"6";2024-02-26;PM10;23
"6";2024-02-26;PM25;17
"7";2024-02-26;NO2;44
"7";2024-02-26;O3;70
"7";2024-02-26;PM10;12
"2";2024-02-23;C6H6;1.5
"2";2024-02-23;NO2;58
"2";2024-02-23;O3;62
"2";2024-02-23;PM10;52
"2";2024-02-23;PM25;35
"2";2024-02-23;SO2;2.5
"3";2024-02-23;NO2;66
"4";2024-02-23;C6H6;2.1
"4";2024-02-23;CO_8h;1.5
"4";2024-02-23;NO2;72
"4";2024-02-23;PM10;60
"4";2024-02-23;PM25;45
"6";2024-02-23;C6H6;2
"6";2024-02-23;CO_8h;0.8
"6";2024-02-23;NO2;43
"6";2024-02-23;PM10;54
"6";2024-02-23;PM25;40
"7";2024-02-23;NO2;68
"7";2024-02-23;O3;61
"7";2024-02-23;PM10;40
"2";2024-02-22;C6H6;1.6
"2";2024-02-22;NO2;62
"2";2024-02-22;O3;66
"2";2024-02-22;PM10;65
"2";2024-02-22;PM25;44
"2";2024-02-22;SO2;8
"3";2024-02-22;NO2;
"4";2024-02-22;C6H6;2.6
"4";2024-02-22;CO_8h;1.9
"4";2024-02-22;NO2;79
"4";2024-02-22;PM10;62
"4";2024-02-22;PM25;52
"6";2024-02-22;C6H6;2.3
"6";2024-02-22;CO_8h;1
"6";2024-02-22;NO2;58
"6";2024-02-22;PM10;74
"6";2024-02-22;PM25;59
"7";2024-02-22;NO2;78
"7";2024-02-22;O3;66
"7";2024-02-22;PM10;58
"2";2024-02-21;C6H6;2.1
"2";2024-02-21;NO2;71
"2";2024-02-21;O3;84
"2";2024-02-21;PM10;93
"2";2024-02-21;PM25;66
"2";2024-02-21;SO2;5
"3";2024-02-21;NO2;101
"4";2024-02-21;C6H6;2.8
"4";2024-02-21;CO_8h;1.8
"4";2024-02-21;NO2;83
"4";2024-02-21;PM10;96
"4";2024-02-21;PM25;74
"6";2024-02-21;C6H6;3.2
"6";2024-02-21;CO_8h;1
"6";2024-02-21;NO2;73
"6";2024-02-21;PM10;107
"6";2024-02-21;PM25;81
"7";2024-02-21;NO2;105
"7";2024-02-21;O3;77
"7";2024-02-21;PM10;85
"2";2024-02-20;C6H6;2.4
"2";2024-02-20;NO2;70
"2";2024-02-20;O3;70
"2";2024-02-20;PM10;111
"2";2024-02-20;PM25;82
"2";2024-02-20;SO2;6
"3";2024-02-20;NO2;77
"4";2024-02-20;C6H6;2.9
"4";2024-02-20;CO_8h;1.7
"4";2024-02-20;NO2;79
"4";2024-02-20;PM10;109
"4";2024-02-20;PM25;83
"6";2024-02-20;C6H6;3.2
"6";2024-02-20;CO_8h;1.1
"6";2024-02-20;NO2;63
"6";2024-02-20;PM10;122
"6";2024-02-20;PM25;80
"7";2024-02-20;NO2;88
"7";2024-02-20;O3;74
"7";2024-02-20;PM10;99
"2";2024-02-19;C6H6;3.3
"2";2024-02-19;NO2;75
"2";2024-02-19;O3;84
"2";2024-02-19;PM10;102
"2";2024-02-19;PM25;83
"2";2024-02-19;SO2;6
"3";2024-02-19;NO2;112
"4";2024-02-19;C6H6;3.6
"4";2024-02-19;CO_8h;2.6
"4";2024-02-19;NO2;88
"4";2024-02-19;PM10;119
"4";2024-02-19;PM25;92
"6";2024-02-19;C6H6;4.1
"6";2024-02-19;CO_8h;1.6
"6";2024-02-19;NO2;71
"6";2024-02-19;PM10;136
"6";2024-02-19;PM25;118
"7";2024-02-19;NO2;103
"7";2024-02-19;O3;74
"7";2024-02-19;PM10;110
"2";2024-02-16;C6H6;2.8
"2";2024-02-16;NO2;75
"2";2024-02-16;O3;35
"2";2024-02-16;PM10;67
"2";2024-02-16;PM25;44
"2";2024-02-16;SO2;8
"3";2024-02-16;NO2;96
"4";2024-02-16;C6H6;3.9
"4";2024-02-16;CO_8h;2.1
"4";2024-02-16;NO2;94
"4";2024-02-16;PM10;71
"4";2024-02-16;PM25;48
"6";2024-02-16;C6H6;3.9
"6";2024-02-16;CO_8h;1.2
"6";2024-02-16;NO2;
"6";2024-02-16;PM10;78
"6";2024-02-16;PM25;59
"7";2024-02-16;NO2;99
"7";2024-02-16;O3;24
"7";2024-02-16;PM10;60
"2";2024-02-15;C6H6;2.4
"2";2024-02-15;NO2;70
"2";2024-02-15;O3;46
"2";2024-02-15;PM10;42
"2";2024-02-15;PM25;23
"2";2024-02-15;SO2;11
"3";2024-02-15;NO2;88
"4";2024-02-15;C6H6;3.5
"4";2024-02-15;CO_8h;2.8
"4";2024-02-15;NO2;74
"4";2024-02-15;PM10;48
"4";2024-02-15;PM25;27
"6";2024-02-15;C6H6;3.8
"6";2024-02-15;CO_8h;1.7
"6";2024-02-15;NO2;
"6";2024-02-15;PM10;49
"6";2024-02-15;PM25;34
"7";2024-02-15;NO2;99
"7";2024-02-15;O3;50
"7";2024-02-15;PM10;33
"2";2024-02-14;C6H6;2.8
"2";2024-02-14;NO2;74
"2";2024-02-14;O3;39
"2";2024-02-14;PM10;43
"2";2024-02-14;PM25;25
"2";2024-02-14;SO2;5
"3";2024-02-14;NO2;81
"4";2024-02-14;C6H6;3.2
"4";2024-02-14;CO_8h;2.5
"4";2024-02-14;NO2;66
"4";2024-02-14;PM10;41
"4";2024-02-14;PM25;24
"6";2024-02-14;C6H6;3.9
"6";2024-02-14;CO_8h;1.6
"6";2024-02-14;NO2;84
"6";2024-02-14;PM10;51
"6";2024-02-14;PM25;38
"7";2024-02-14;NO2;98
"7";2024-02-14;O3;34
"7";2024-02-14;PM10;37
"2";2024-02-13;C6H6;1.9
"2";2024-02-13;NO2;47
"2";2024-02-13;O3;38
"2";2024-02-13;PM10;29
"2";2024-02-13;PM25;19
"2";2024-02-13;SO2;2.5
"3";2024-02-13;NO2;67
"4";2024-02-13;C6H6;2.7
"4";2024-02-13;CO_8h;1.7
"4";2024-02-13;NO2;66
"4";2024-02-13;PM10;30
"4";2024-02-13;PM25;19
"6";2024-02-13;C6H6;2.3
"6";2024-02-13;CO_8h;0.9
"6";2024-02-13;NO2;66
"6";2024-02-13;PM10;35
"6";2024-02-13;PM25;26
"7";2024-02-13;NO2;77
"7";2024-02-13;O3;43
"7";2024-02-13;PM10;27
"2";2024-02-12;C6H6;0.5
"2";2024-02-12;NO2;33
"2";2024-02-12;O3;46
"2";2024-02-12;PM10;9
"2";2024-02-12;PM25;6
"2";2024-02-12;SO2;2.5
"3";2024-02-12;NO2;53
"4";2024-02-12;C6H6;1.1
"4";2024-02-12;CO_8h;1.5
"4";2024-02-12;NO2;48
"4";2024-02-12;PM10;10
"4";2024-02-12;PM25;6
"6";2024-02-12;C6H6;1.1
"6";2024-02-12;CO_8h;0.6
"6";2024-02-12;NO2;50
"6";2024-02-12;PM10;14
"6";2024-02-12;PM25;10
"7";2024-02-12;NO2;60
"7";2024-02-12;O3;46
"7";2024-02-12;PM10;10
"2";2024-02-09;C6H6;1.8
"2";2024-02-09;NO2;55
"2";2024-02-09;O3;33
"2";2024-02-09;PM10;50
"2";2024-02-09;PM25;26
"2";2024-02-09;SO2;5
"3";2024-02-09;NO2;75
"4";2024-02-09;C6H6;2.4
"4";2024-02-09;CO_8h;1.5
"4";2024-02-09;NO2;76
"4";2024-02-09;PM10;54
"4";2024-02-09;PM25;29
"6";2024-02-09;C6H6;2.5
"6";2024-02-09;CO_8h;0.9
"6";2024-02-09;NO2;72
"6";2024-02-09;PM10;52
"6";2024-02-09;PM25;34
"7";2024-02-09;NO2;77
"7";2024-02-09;O3;31
"7";2024-02-09;PM10;37
"2";2024-02-08;C6H6;1.5
"2";2024-02-08;NO2;42
"2";2024-02-08;O3;58
"2";2024-02-08;PM10;55
"2";2024-02-08;PM25;35
"2";2024-02-08;SO2;2.5
"3";2024-02-08;NO2;76
"4";2024-02-08;C6H6;1.9
"4";2024-02-08;CO_8h;1.4
"4";2024-02-08;NO2;75
"4";2024-02-08;PM10;64
"4";2024-02-08;PM25;45
"6";2024-02-08;C6H6;2.2
"6";2024-02-08;CO_8h;0.9
"6";2024-02-08;NO2;66
"6";2024-02-08;PM10;64
"6";2024-02-08;PM25;43
"7";2024-02-08;NO2;63
"7";2024-02-08;O3;54
"7";2024-02-08;PM10;48
"2";2024-02-07;C6H6;2.2
"2";2024-02-07;NO2;59
"2";2024-02-07;O3;34
"2";2024-02-07;PM10;94
"2";2024-02-07;PM25;67
"2";2024-02-07;SO2;2.5
"3";2024-02-07;NO2;73
"4";2024-02-07;C6H6;2.4
"4";2024-02-07;CO_8h;1.5
"4";2024-02-07;NO2;74
"4";2024-02-07;PM10;101
"4";2024-02-07;PM25;76
"6";2024-02-07;C6H6;3.1
"6";2024-02-07;CO_8h;1
"6";2024-02-07;NO2;81
"6";2024-02-07;PM10;113
"6";2024-02-07;PM25;87
"7";2024-02-07;NO2;82
"7";2024-02-07;O3;36
"7";2024-02-07;PM10;93
"2";2024-02-06;C6H6;1.2
"2";2024-02-06;NO2;46
"2";2024-02-06;O3;49
"2";2024-02-06;PM10;36
"2";2024-02-06;PM25;21
"2";2024-02-06;SO2;2.5
"3";2024-02-06;NO2;71
"4";2024-02-06;C6H6;1.8
"4";2024-02-06;CO_8h;1.6
"4";2024-02-06;NO2;74
"4";2024-02-06;PM10;35
"4";2024-02-06;PM25;23
"6";2024-02-06;C6H6;1.7
"6";2024-02-06;CO_8h;1.1
"6";2024-02-06;NO2;64
"6";2024-02-06;PM10;41
"6";2024-02-06;PM25;32
"7";2024-02-06;NO2;72
"7";2024-02-06;O3;46
"7";2024-02-06;PM10;32
"2";2024-02-05;C6H6;1.9
"2";2024-02-05;NO2;60
"2";2024-02-05;O3;39
"2";2024-02-05;PM10;40
"2";2024-02-05;PM25;26
"2";2024-02-05;SO2;2.5
"3";2024-02-05;NO2;80
"4";2024-02-05;C6H6;2.4
"4";2024-02-05;CO_8h;1.7
"4";2024-02-05;NO2;75
"4";2024-02-05;PM10;41
"4";2024-02-05;PM25;29
"6";2024-02-05;C6H6;2.5
"6";2024-02-05;CO_8h;1.3
"6";2024-02-05;NO2;86
"6";2024-02-05;PM10;44
"6";2024-02-05;PM25;32
"7";2024-02-05;NO2;83
"7";2024-02-05;O3;37
"7";2024-02-05;PM10;31
"2";2024-02-02;C6H6;4.7
"2";2024-02-02;NO2;88
"2";2024-02-02;O3;15
"2";2024-02-02;PM10;89
"2";2024-02-02;PM25;61
"2";2024-02-02;SO2;8
"3";2024-02-02;NO2;82
"4";2024-02-02;C6H6;
"4";2024-02-02;CO_8h;3.2
"4";2024-02-02;NO2;94
"4";2024-02-02;PM10;86
"4";2024-02-02;PM25;62
"6";2024-02-02;C6H6;10.1
"6";2024-02-02;CO_8h;4
"6";2024-02-02;NO2;88
"6";2024-02-02;PM10;90
"6";2024-02-02;PM25;48
"7";2024-02-02;NO2;96
"7";2024-02-02;O3;16
"7";2024-02-02;PM10;69
"2";2024-02-01;C6H6;5.1
"2";2024-02-01;NO2;136
"2";2024-02-01;O3;26
"2";2024-02-01;PM10;90
"2";2024-02-01;PM25;59
"2";2024-02-01;SO2;8
"3";2024-02-01;NO2;117
"4";2024-02-01;C6H6;
"4";2024-02-01;CO_8h;2.9
"4";2024-02-01;NO2;98
"4";2024-02-01;PM10;80
"4";2024-02-01;PM25;59
"6";2024-02-01;C6H6;6.7
"6";2024-02-01;CO_8h;1.9
"6";2024-02-01;NO2;106
"6";2024-02-01;PM10;85
"6";2024-02-01;PM25;64
"7";2024-02-01;NO2;119
"7";2024-02-01;O3;12
"7";2024-02-01;PM10;71
"2";2024-01-31;C6H6;4.2
"2";2024-01-31;NO2;82
"2";2024-01-31;O3;12
"2";2024-01-31;PM10;61
"2";2024-01-31;PM25;40
"2";2024-01-31;SO2;5
"3";2024-01-31;NO2;76
"4";2024-01-31;C6H6;4
"4";2024-01-31;CO_8h;2.1
"4";2024-01-31;NO2;85
"4";2024-01-31;PM10;64
"4";2024-01-31;PM25;47
"6";2024-01-31;C6H6;5.4
"6";2024-01-31;CO_8h;1.6
"6";2024-01-31;NO2;100
"6";2024-01-31;PM10;74
"6";2024-01-31;PM25;57
"7";2024-01-31;NO2;93
"7";2024-01-31;O3;7
"7";2024-01-31;PM10;57
"2";2024-01-30;C6H6;3.2
"2";2024-01-30;NO2;68
"2";2024-01-30;O3;16
"2";2024-01-30;PM10;54
"2";2024-01-30;PM25;34
"2";2024-01-30;SO2;2.5
"3";2024-01-30;NO2;63
"4";2024-01-30;C6H6;3.4
"4";2024-01-30;CO_8h;2.1
"4";2024-01-30;NO2;71
"4";2024-01-30;PM10;58
"4";2024-01-30;PM25;43
"6";2024-01-30;C6H6;4.2
"6";2024-01-30;CO_8h;1.4
"6";2024-01-30;NO2;79
"6";2024-01-30;PM10;63
"6";2024-01-30;PM25;49
"7";2024-01-30;NO2;76
"7";2024-01-30;O3;8
"7";2024-01-30;PM10;53
"2";2024-01-29;C6H6;2.4
"2";2024-01-29;NO2;48
"2";2024-01-29;O3;21
"2";2024-01-29;PM10;59
"2";2024-01-29;PM25;37
"2";2024-01-29;SO2;2.5
"3";2024-01-29;NO2;64
"4";2024-01-29;C6H6;2.8
"4";2024-01-29;CO_8h;1.6
"4";2024-01-29;NO2;72
"4";2024-01-29;PM10;67
"4";2024-01-29;PM25;51
"6";2024-01-29;C6H6;3.4
"6";2024-01-29;CO_8h;1.1
"6";2024-01-29;NO2;76
"6";2024-01-29;PM10;63
"6";2024-01-29;PM25;53
"7";2024-01-29;NO2;72
"7";2024-01-29;O3;19
"7";2024-01-29;PM10;57
"2";2024-01-26;C6H6;3.6
"2";2024-01-26;NO2;77
"2";2024-01-26;O3;29
"2";2024-01-26;PM10;92
"2";2024-01-26;PM25;65
"2";2024-01-26;SO2;6
"3";2024-01-26;NO2;99
"4";2024-01-26;C6H6;4.1
"4";2024-01-26;CO_8h;2.1
"4";2024-01-26;NO2;93
"4";2024-01-26;PM10;94
"4";2024-01-26;PM25;69
"6";2024-01-26;C6H6;5.1
"6";2024-01-26;CO_8h;1.7
"6";2024-01-26;NO2;88
"6";2024-01-26;PM10;101
"6";2024-01-26;PM25;80
"7";2024-01-26;NO2;106
"7";2024-01-26;O3;17
"7";2024-01-26;PM10;81
"2";2024-01-25;C6H6;4
"2";2024-01-25;NO2;99
"2";2024-01-25;O3;31
"2";2024-01-25;PM10;70
"2";2024-01-25;PM25;42
"2";2024-01-25;SO2;8
"3";2024-01-25;NO2;85
"4";2024-01-25;C6H6;3.7
"4";2024-01-25;CO_8h;1.9
"4";2024-01-25;NO2;100
"4";2024-01-25;PM10;71
"4";2024-01-25;PM25;50
"6";2024-01-25;C6H6;5.2
"6";2024-01-25;CO_8h;1.5
"6";2024-01-25;NO2;99
"6";2024-01-25;PM10;82
"6";2024-01-25;PM25;57
"7";2024-01-25;NO2;107
"7";2024-01-25;O3;22
"7";2024-01-25;PM10;55
"2";2024-01-24;C6H6;3.3
"2";2024-01-24;NO2;75
"2";2024-01-24;O3;24
"2";2024-01-24;PM10;52
"2";2024-01-24;PM25;32
"2";2024-01-24;SO2;8
"3";2024-01-24;NO2;81
"4";2024-01-24;C6H6;3.3
"4";2024-01-24;CO_8h;1.7
"4";2024-01-24;NO2;101
"4";2024-01-24;PM10;54
"4";2024-01-24;PM25;32
"6";2024-01-24;C6H6;3.2
"6";2024-01-24;CO_8h;1.2
"6";2024-01-24;NO2;102
"6";2024-01-24;PM10;60
"6";2024-01-24;PM25;44
"7";2024-01-24;NO2;100
"7";2024-01-24;O3;23
"7";2024-01-24;PM10;44
"2";2024-01-23;C6H6;2.7
"2";2024-01-23;NO2;87
"2";2024-01-23;O3;37
"2";2024-01-23;PM10;45
"2";2024-01-23;PM25;28
"2";2024-01-23;SO2;7
"3";2024-01-23;NO2;101
"4";2024-01-23;C6H6;3.2
"4";2024-01-23;CO_8h;1.8
"4";2024-01-23;NO2;103
"4";2024-01-23;PM10;50
"4";2024-01-23;PM25;35
"6";2024-01-23;C6H6;1.6
"6";2024-01-23;CO_8h;1.3
"6";2024-01-23;NO2;100
"6";2024-01-23;PM10;54
"6";2024-01-23;PM25;42
"7";2024-01-23;NO2;100
"7";2024-01-23;O3;39
"7";2024-01-23;PM10;37
"2";2024-01-22;C6H6;2.2
"2";2024-01-22;NO2;65
"2";2024-01-22;O3;33
"2";2024-01-22;PM10;36
"2";2024-01-22;PM25;25
"2";2024-01-22;SO2;7
"3";2024-01-22;NO2;78
"4";2024-01-22;C6H6;2.4
"4";2024-01-22;CO_8h;1.5
"4";2024-01-22;NO2;65
"4";2024-01-22;PM10;37
"4";2024-01-22;PM25;25
"6";2024-01-22;C6H6;0.5
"6";2024-01-22;CO_8h;1
"6";2024-01-22;NO2;74
"6";2024-01-22;PM10;42
"6";2024-01-22;PM25;33
"7";2024-01-22;NO2;86
"7";2024-01-22;O3;28
"7";2024-01-22;PM10;31
"2";2024-01-19;C6H6;2.5
"2";2024-01-19;NO2;50
"2";2024-01-19;O3;8
"2";2024-01-19;PM10;46
"2";2024-01-19;PM25;34
"2";2024-01-19;SO2;2.5
"3";2024-01-19;NO2;57
"4";2024-01-19;C6H6;2.5
"4";2024-01-19;CO_8h;1.1
"4";2024-01-19;NO2;63
"4";2024-01-19;PM10;45
"4";2024-01-19;PM25;38
"6";2024-01-19;C6H6;1.1
"6";2024-01-19;CO_8h;1
"6";2024-01-19;NO2;64
"6";2024-01-19;PM10;56
"6";2024-01-19;PM25;44
"7";2024-01-19;NO2;61
"7";2024-01-19;O3;7
"7";2024-01-19;PM10;41
"2";2024-01-18;C6H6;2.3
"2";2024-01-18;NO2;53
"2";2024-01-18;O3;16
"2";2024-01-18;PM10;44
"2";2024-01-18;PM25;33
"2";2024-01-18;SO2;2.5
"3";2024-01-18;NO2;69
"4";2024-01-18;C6H6;2.8
"4";2024-01-18;CO_8h;1.7
"4";2024-01-18;NO2;71
"4";2024-01-18;PM10;50
"4";2024-01-18;PM25;42
"6";2024-01-18;C6H6;1
"6";2024-01-18;CO_8h;1
"6";2024-01-18;NO2;70
"6";2024-01-18;PM10;46
"6";2024-01-18;PM25;36
"7";2024-01-18;NO2;67
"7";2024-01-18;O3;12
"7";2024-01-18;PM10;37
"2";2024-01-17;C6H6;2.9
"2";2024-01-17;NO2;61
"2";2024-01-17;O3;36
"2";2024-01-17;PM10;63
"2";2024-01-17;PM25;46
"2";2024-01-17;SO2;2.5
"3";2024-01-17;NO2;101
"4";2024-01-17;C6H6;3.1
"4";2024-01-17;CO_8h;1.8
"4";2024-01-17;NO2;79
"4";2024-01-17;PM10;63
"4";2024-01-17;PM25;48
"6";2024-01-17;C6H6;1.2
"6";2024-01-17;CO_8h;1.1
"6";2024-01-17;NO2;66
"6";2024-01-17;PM10;71
"6";2024-01-17;PM25;56
"7";2024-01-17;NO2;68
"7";2024-01-17;O3;39
"7";2024-01-17;PM10;57
"2";2024-01-16;C6H6;2.7
"2";2024-01-16;NO2;66
"2";2024-01-16;O3;36
"2";2024-01-16;PM10;56
"2";2024-01-16;PM25;40
"2";2024-01-16;SO2;2.5
"3";2024-01-16;NO2;77
"4";2024-01-16;C6H6;2.8
"4";2024-01-16;CO_8h;1.7
"4";2024-01-16;NO2;80
"4";2024-01-16;PM10;58
"4";2024-01-16;PM25;46
"6";2024-01-16;C6H6;1.3
"6";2024-01-16;CO_8h;1.2
"6";2024-01-16;NO2;87
"6";2024-01-16;PM10;64
"6";2024-01-16;PM25;52
"7";2024-01-16;NO2;79
"7";2024-01-16;O3;30
"7";2024-01-16;PM10;48
"2";2024-01-15;C6H6;3.1
"2";2024-01-15;NO2;47
"2";2024-01-15;O3;8
"2";2024-01-15;PM10;49
"2";2024-01-15;PM25;39
"2";2024-01-15;SO2;2.5
"3";2024-01-15;NO2;69
"4";2024-01-15;C6H6;3.1
"4";2024-01-15;CO_8h;1.7
"4";2024-01-15;NO2;64
"4";2024-01-15;PM10;47
"4";2024-01-15;PM25;39
"6";2024-01-15;C6H6;1.4
"6";2024-01-15;CO_8h;1.2
"6";2024-01-15;NO2;64
"6";2024-01-15;PM10;54
"6";2024-01-15;PM25;47
"7";2024-01-15;NO2;64
"7";2024-01-15;O3;6
"7";2024-01-15;PM10;39
"2";2024-01-12;C6H6;1.9
"2";2024-01-12;NO2;71
"2";2024-01-12;O3;24
"2";2024-01-12;PM10;36
"2";2024-01-12;PM25;25
"2";2024-01-12;SO2;2.5
"3";2024-01-12;NO2;
"4";2024-01-12;C6H6;
"4";2024-01-12;CO_8h;1.5
"4";2024-01-12;NO2;56
"4";2024-01-12;PM10;38
"4";2024-01-12;PM25;25
"6";2024-01-12;C6H6;0.5
"6";2024-01-12;CO_8h;0.8
"6";2024-01-12;NO2;66
"6";2024-01-12;PM10;46
"6";2024-01-12;PM25;31
"7";2024-01-12;NO2;61
"7";2024-01-12;O3;37
"7";2024-01-12;PM10;29
"2";2024-01-11;C6H6;1.3
"2";2024-01-11;NO2;35
"2";2024-01-11;O3;36
"2";2024-01-11;PM10;20
"2";2024-01-11;PM25;12
"2";2024-01-11;SO2;2.5
"3";2024-01-11;NO2;
"4";2024-01-11;C6H6;2.1
"4";2024-01-11;CO_8h;1.1
"4";2024-01-11;NO2;88
"4";2024-01-11;PM10;24
"4";2024-01-11;PM25;14
"6";2024-01-11;C6H6;0.5
"6";2024-01-11;CO_8h;1
"6";2024-01-11;NO2;52
"6";2024-01-11;PM10;24
"6";2024-01-11;PM25;21
"7";2024-01-11;NO2;57
"7";2024-01-11;O3;42
"7";2024-01-11;PM10;19
"2";2024-01-10;C6H6;1
"2";2024-01-10;NO2;31
"2";2024-01-10;O3;43
"2";2024-01-10;PM10;19
"2";2024-01-10;PM25;10
"2";2024-01-10;SO2;2.5
"3";2024-01-10;NO2;
"4";2024-01-10;C6H6;1.9
"4";2024-01-10;CO_8h;1.6
"4";2024-01-10;NO2;66
"4";2024-01-10;PM10;23
"4";2024-01-10;PM25;10
"6";2024-01-10;C6H6;0.5
"6";2024-01-10;CO_8h;1.4
"6";2024-01-10;NO2;39
"6";2024-01-10;PM10;21
"6";2024-01-10;PM25;12
"7";2024-01-10;NO2;51
"7";2024-01-10;O3;42
"7";2024-01-10;PM10;18
"2";2024-01-09;C6H6;1.6
"2";2024-01-09;NO2;55
"2";2024-01-09;O3;24
"2";2024-01-09;PM10;17
"2";2024-01-09;PM25;10
"2";2024-01-09;SO2;2.5
"3";2024-01-09;NO2;
"4";2024-01-09;C6H6;2.2
"4";2024-01-09;CO_8h;1.8
"4";2024-01-09;NO2;80
"4";2024-01-09;PM10;19
"4";2024-01-09;PM25;9
"6";2024-01-09;C6H6;0.5
"6";2024-01-09;CO_8h;1.6
"6";2024-01-09;NO2;70
"6";2024-01-09;PM10;23
"6";2024-01-09;PM25;15
"7";2024-01-09;NO2;77
"7";2024-01-09;O3;25
"7";2024-01-09;PM10;15
"2";2024-01-08;C6H6;1.3
"2";2024-01-08;NO2;38
"2";2024-01-08;O3;30
"2";2024-01-08;PM10;16
"2";2024-01-08;PM25;13
"2";2024-01-08;SO2;2.5
"3";2024-01-08;NO2;39
"4";2024-01-08;C6H6;1.7
"4";2024-01-08;CO_8h;1.2
"4";2024-01-08;NO2;60
"4";2024-01-08;PM10;20
"4";2024-01-08;PM25;16
"6";2024-01-08;C6H6;0.5
"6";2024-01-08;CO_8h;1.3
"6";2024-01-08;NO2;48
"6";2024-01-08;PM10;22
"6";2024-01-08;PM25;18
"7";2024-01-08;NO2;50
"7";2024-01-08;O3;33
"7";2024-01-08;PM10;13
"2";2024-01-05;C6H6;2.7
"2";2024-01-05;NO2;91
"2";2024-01-05;O3;25
"2";2024-01-05;PM10;42
"2";2024-01-05;PM25;26
"2";2024-01-05;SO2;6
"3";2024-01-05;NO2;98
"4";2024-01-05;C6H6;3
"4";2024-01-05;CO_8h;2.1
"4";2024-01-05;NO2;96
"4";2024-01-05;PM10;42
"4";2024-01-05;PM25;26
"6";2024-01-05;C6H6;1.4
"6";2024-01-05;CO_8h;1.9
"6";2024-01-05;NO2;88
"6";2024-01-05;PM10;56
"6";2024-01-05;PM25;37
"7";2024-01-05;NO2;97
"7";2024-01-05;O3;22
"7";2024-01-05;PM10;34
"2";2024-01-04;C6H6;2
"2";2024-01-04;NO2;49
"2";2024-01-04;O3;9
"2";2024-01-04;PM10;33
"2";2024-01-04;PM25;24
"2";2024-01-04;SO2;2.5
"3";2024-01-04;NO2;53
"4";2024-01-04;C6H6;2.1
"4";2024-01-04;CO_8h;1.3
"4";2024-01-04;NO2;65
"4";2024-01-04;PM10;32
"4";2024-01-04;PM25;23
"6";2024-01-04;C6H6;0.5
"6";2024-01-04;CO_8h;1.3
"6";2024-01-04;NO2;55
"6";2024-01-04;PM10;40
"6";2024-01-04;PM25;28
"7";2024-01-04;NO2;66
"7";2024-01-04;O3;11
"7";2024-01-04;PM10;28
"2";2024-01-03;C6H6;2.2
"2";2024-01-03;NO2;46
"2";2024-01-03;O3;3
"2";2024-01-03;PM10;30
"2";2024-01-03;PM25;22
"2";2024-01-03;SO2;2.5
"3";2024-01-03;NO2;44
"4";2024-01-03;C6H6;2.4
"4";2024-01-03;CO_8h;1.3
"4";2024-01-03;NO2;59
"4";2024-01-03;PM10;28
"4";2024-01-03;PM25;22
"6";2024-01-03;C6H6;1
"6";2024-01-03;CO_8h;1.5
"6";2024-01-03;NO2;57
"6";2024-01-03;PM10;36
"6";2024-01-03;PM25;28
"7";2024-01-03;NO2;56
"7";2024-01-03;O3;3
"7";2024-01-03;PM10;26
"2";2024-01-02;C6H6;1.6
"2";2024-01-02;NO2;31
"2";2024-01-02;O3;20
"2";2024-01-02;PM10;33
"2";2024-01-02;PM25;25
"2";2024-01-02;SO2;2.5
"3";2024-01-02;NO2;31
"4";2024-01-02;C6H6;1.8
"4";2024-01-02;CO_8h;1
"4";2024-01-02;NO2;45
"4";2024-01-02;PM10;47
"4";2024-01-02;PM25;38
"6";2024-01-02;C6H6;0.5
"6";2024-01-02;CO_8h;1.2
"6";2024-01-02;NO2;44
"6";2024-01-02;PM10;35
"6";2024-01-02;PM25;30
"7";2024-01-02;NO2;47
"7";2024-01-02;O3;15
"7";2024-01-02;PM10;30
